kanjiName,shortName,fullName,romanizedShort,romanizedFull,DubShort,DubFull,Element,Role,GP,TP,Kick,Body,Control,Guard,Speed,Stamina,Guts,Hissatsu1,Hissatsu2,Hissatsu3,Hissatsu4
ダミー,ダミー,ダミー,Dummy,Dummy,,,,,,,,,,,,

#Raimon
円堂　守,えんどう,えんどう　まもる,Endou,Endou Mamoru,,,,,,,,,,,,,,,,,
風丸　一郎太,かぜまる,かぜまる　いちろうた,Kazemaru,Kazemaru Ichirouta,,,,,,,,,,,,,,,,,
壁山　塀吾郎,かべやま,かべやま　へいごろう,Kabeyama,Kabeyama Heigorou,,,,,,,,,,,,,,,,,
影野　仁,じん,かげの　じん,Jin,Kageno Jin,,,,,,,,,,,,
栗松　鉄平,くりまつ,くりまつ　てっぺい,Kurimatsu,Kurimatsu Teppei,,,,,,,,,,,,,,,,,
半田　真一,はんだ,はんだ　しんいち,Handa,Handa Shinichi,,,,,,,,,,,,,,,,,
少林寺　歩,しょうりん,しょうりんじ　あゆむ,Shourin,Shourin Ayumu,,,,,,,,,,,,,,,,,
宍戸　佐吉,ししど,ししど　さきち,Shishido,Shishido Sakichi,,,,,,,,,,,,,,,,,
松野　空介,マックス,まつの　くうすけ,Max,Matsuno Kuusuke,,,,,,,,,,,,,,,,,
豪炎寺　修也,ごうえんじ,ごうえんじ　しゅうや,Gouenji,Gouenji Shuuya,,,,,,,,,,,,,,,,,
染岡　竜吾,そめおか,そめおか　りゅうご,Someoka,Someoka Ryuugo,,,,,,,,,,,,,,,,,
目金　欠流,メガネ,めがね　かける,Megane,Megane Kakeru,,,,,,,,,,,,,,,,,

#Raimon Side Characters
雷門　夏未,なつみ,らいもん　なつみ,Natsumi,Raimon Natsumi,,,,,,,,,,,,,,,,,
音無　春奈,おとなし,おとなし　はるな,Otonashi,Otonashi Haruna,,,,,,,,,,,,,,,,,
木野　秋,きの,きの　あき,Kino,Kino Aki,,,,,,,,,,,,,,,,,

#Unknown
中元,なかもと,なかもと,Nakamoto,Nakamoto,,,,,,,,,,,,,,,,,
佐藤,さとう,さとう,Satou,Satou,,,,,,,,,,,,,,,,,
池山,いけやま,いけやま,Ikeyama,Ikeyama,,,,,,,,,,,,,,,,,

#Raimon Side Characters 2
冬海　卓,ふゆかい,ふゆかい　すぐる,Fuyukai,Fuyukai Suguru,,,,,,,,,,,,,,,,,

#Teikoku/Royal Academy
源田　幸次郎,げんおう,げんだ　こうじろう,Genou,Genda Koujirou,,,,,,,,,,,,,,,,,
大野　伝助,だいでん,おおの　でんすけ,Daiden,Oono Densuke,,,,,,,,,,,,,,,,,
万丈　一道,ばんじょう,ばんじょう　かずみち,Banjou,Banjou Kazumichi,,,,,,,,,,,,,,,,,
成神　健也,なるかみ,なるかみ　けんや,Narukami,Narukami Kenya,,,,,,,,,,,,,,,,,
五条　勝,ごじょう,ごじょう　まさる,Gojou,Gojou Masaru,,,,,,,,,,,,,,,,,
辺見　渡,へんみ,へんみ　わたる,Henmi,Henmi Wataru,,,,,,,,,,,,,,,,,
咲山　修二,さきやま,さきやま　しゅうじ,Sakiyama,Sakiyama Shuuji,,,,,,,,,,,,,,,,,
洞面　秀一郎,どうめん,どうめん　しゅういちろう,Doumen,Doumen Shuuichirou,,,,,,,,,,,,,,,,,
寺門　大貴,じもん,じもん　だいき,Jimon,Jimon Daiki,,,,,,,,,,,,,,,,,
鬼道　有人,きどう,きどう　ゆうと,Kidou,Kidou Yuuto,,,,,,,,,,,,,,,,,
佐久間　次郎,さくま,さくま　じろう,Sakuma,Sakuma Jirou,,,,,,,,,,,,,,,,,
兵藤　雄平,ひょうどう,ひょうどう　ゆうへい,Hyoudou,Hyoudou Yuuhei,,,,,,,,,,,,,,,,,
恵那　和樹,えな,えな　かずき,Ena,Ena Kazuki,,,,,,,,,,,,,,,,,
椋本　圭,むくもと,むくもと　けい,Mukumoto,Mukumoto Kei,,,,,,,,,,,,,,,,,
渋木　翔大,しぶき,しぶき　しょうだい,Shibuki,Shibuki Shoudai,,,,,,,,,,,,,,,,,
大楠　星士,おおくす,おおくす　せいじ,Ookusu,Ookusu Seiji,,,,,,,,,,,,,,,,,

#Occult
鉈　十三,じゅうぞう,なた　じゅうぞう,Juuzou,Nata Juuzou,,,,,,,,,,,,,,,,,
三途　渡,さんず,さんず　わたる,Sanzu,Sanzu Wataru,,,,,,,,,,,,,,,,,
柳田　しげる,やなぎだ,やなぎだ　しげる,Yanagida,Yanagida Shigeru,,,,,,,,,,,,,,,,,
不乱　拳,フランケン,ふらん　けん,Franken,Furan Ken,,,,,,,,,,,,,,,,,
屍　藤美,ふじみ,しかばね　ふじみ,Fujimi,Shikabane Fujimi,,,,,,,,,,,,,,,,,
霊幻　道久,れいげん,れいげん　みちひさ,Reigen,Reigen Michihisa,,,,,,,,,,,,,,,,,
木乃伊　魔美,ミイラ,きのい　まみ,Miira,Kinoi Mami,,,,,,,,,,,,,,,,,
八墓　祟,やつはか,やつはか　たたる,Yatsuhaka,Yatsuhaka Tataru,,,,,,,,,,,,,,,,,
幽谷　博之,ゆうこく,ゆうこく　ひろゆき,Yuukoku,Yuukoku Hiroyuki,,,,,,,,,,,,,,,,,
月村　憲一,つきむら,つきむら　けんいち,Tsukimura,Tsukimura Kenichi,,,,,,,,,,,,,,,,,
武羅渡　牙,ブラッド,ぶらど　きば,Buraddo,Burado Kiba,,,,,,,,,,,,,,,,,
不死　祀,ふし,ふし　まつる,Fushi,Fushi Matsuru,,,,,,,,,,,,,,,,,
人形　幻,にんぎょう,ひとがた　げん,Ningyou,Hitogata Gen,,,,,,,,,,,,,,,,,
円谷　未知,つぶらや,つぶらや　みち,Tsuburaya,Tsuburaya Michi,,,,,,,,,,,,,,,,,
黒上　呪,くろがみ,くろがみ　のろい,Kurogami,Kurogami Noroi,,,,,,,,,,,,,,,,,
魔界　崇雄,まかい,まかい　たかお,Makai,Makai Takao,,,,,,,,,,,,,,,,,

#Nose/Wild
猪口　兵吾,イノシシ,いのくち　ひょうご,Inoshishi,Inokuchi Hyougo,,,,,,,,,,,,,,,,,
鶏井　亮太,ニワトリ,とりい　りょうた,Niwatori,Torii Ryuuta,,,,,,,,,,,,,,,,,
魚住　拓人,サカナ,うおずみ　たくと,Sakana,Uozumi Takuto,,,,,,,,,,,,,,,,,
蛙田　達士,カエル,かえるだ　たつひと,Kaeru,Kaeruda Tatsuhito,,,,,,,,,,,,,,,,,
獅子王　吼,ライオン,ししおう　こう,Lion,Shishiou Kou,,,,,,,,,,,,,,,,,
香芽　レオン,カメレオン,かめ　れおん,Cameleon,Kame Reon,,,,,,,,,,,,,,,,,
大鷲　誠次,ワシ,おおわし　せいじ,Washi,Oowashi Seiji,,,,,,,,,,,,,,,,,
猿田　登,サル,さるた　のぼる,Saru,Saruta Noboru,,,,,,,,,,,,,,,,,
五利　真吾,ゴリラ,ごり　しんご,Gorilla,Gori Shingo,,,,,,,,,,,,,,,,,
蛇丸　彰真,ヘビ,へびまる　しょうま,Hebi,Hebimaru Shouma,,,,,,,,,,,,,,,,,
水前寺　馳威太,チーター,すいぜんじ　ちいた,Cheetah,Suizenji Chiita,,,,,,,,,,,,,,,,,
小荒　登,コアラ,こあら　のぼる,Koala,Koara Noboru,,,,,,,,,,,,,,,,,
判　竹夫,パンダ,ばん　たけお,Panda,Ban Takeo,,,,,,,,,,,,,,,,,
荒井川　熊巳,アライグマ,あらいがわ　くまみ,Araiguma,Araigawa Kumami,,,,,,,,,,,,,,,,,
根津　光夫,ネズミ,ねず　みつお,Nezumi,Nezu Mitsuo,,,,,,,,,,,,,,,,,
牛尾　空也,ウシ,うしお　くうや,Ushi,Ushio Kuuya,,,,,,,,,,,,,,,,,

#Mikage Sennou
杉森　威,たけし,すぎもり　たけし,Takeshi,Sugimori Takeshi,,,,,,,,,,,,,,,,,
弘山　誘,ゆう,ひろやま　ゆう,Yuu,Hiroyama Yuu,,,,,,,,,,,,,,,,,
花岡　強,つよし,はなおか　つよし,Tsuyoshi,Hanaoka Tsuyoshi,,,,,,,,,,,,,,,,,
室伏　恐,きょう,むろぶし　きょう,Kyou,Murobushi Kyou,,,,,,,,,,,,,,,,,
稲田　則,のり,いなだ　のり,Nori,Inada Nori,,,,,,,,,,,,,,,,,
寺川　巌,いわお,てらかわ　いわお,Iwao,Terakawa Iwao,,,,,,,,,,,,,,,,,
藤丸　啓,けい,ふじまる　けい,Kei,Fujimaru Kei,,,,,,,,,,,,,,,,,
山郷　暴,ばく,さんごう　ばく,Baku,Sangou Baku,,,,,,,,,,,,,,,,,
山岸　迫,せり,やまぎし　せり,Seri,Yamagishi Seri,,,,,,,,,,,,,,,,,
大部　信,しん,おおべ　しん,Shin,Oobe Shin,,,,,,,,,,,,,,,,,
下鶴　改,あらた,しもづる　あらた,Arata,Shimozuru Arata,,,,,,,,,,,,,,,,,
真下　乏,ましも,ましも　とぼし,Mashimo,Mashimo Toboshi,,,,,,,,,,,,,,,,,
都築　静,つづき,つづき　しずか,Tsuzuki,Tsuzuki Shizuka,,,,,,,,,,,,,,,,,
平生　仁,ひらお,ひらお　じん,Hirao,Hirao Jin,,,,,,,,,,,,,,,,,
長友　喪,ながとも,ながとも　そう,Nagatomo,Nagatomo Sou,,,,,,,,,,,,,,,,,
水淵　無,みずぶち,みずぶち　なし,Mizubuchi,Mizubuchi Nashi,,,,,,,,,,,,,,,,,

#Shuuyou Meito
相戸留　捜,アイドル,あいどる　そう,Idol,Aidoru Sou,,,,,,,,,,,,,,,,,
線路　鉄雄,てっちゃん,すじみち　てつお,Tecchan,Sujimichi Tetsuo,,,,,,,,,,,,,,,,,
野部流　来人,ノベル,のべる　らいと,Novel,Noberu Raito,,,,,,,,,,,,,,,,,
無敵　英雄,ヒーロー,むてき　ひでお,Hero,Muteki Hideo,,,,,,,,,,,,,,,,,
仮沢　装,コスプレ,かりさわ　そう,Cosplay,Karisawa Sou,,,,,,,,,,,,,,,,,
御良　一輝,オンライン,おんら　いつき,Online,Onra Itsuki,,,,,,,,,,,,,,,,,
自作　派流,じさくは,おのとも　はる,Jisakuha,Onotomo Haru,,,,,,,,,,,,,,,,,
呂簿　合機,ロボ,ろぼ　ごうき,Robo,Robo Gouki,,,,,,,,,,,,,,,,,
芸夢　好武,ゲームき,げいむ　このむ,Geemuki,Geimu Konomu,,,,,,,,,,,,,,,,,
漫画　萌,まんがか,まんが　もえ,Mangaka,Manga Moe,,,,,,,,,,,,,,,,,
明井戸　達人,アーケード,あけいと　たつひと,Arcade,Akeido Tatsuhito,,,,,,,,,,,,,,,,,
木内　努,きうち,きうち　つとむ,Kiuchi,Kiuchi Tsutomu,,,,,,,,,,,,,,,,,
造形　製雄,フィギュア,ぞうけい　さくお,Figure,Zoukei Sakuo,,,,,,,,,,,,,,,,,
闘馬　草太,とうま,とうま　そうた,Touma,Touma Souta,,,,,,,,,,,,,,,,,
声模　索太,せいゆう,せいも　さくた,Seiyuu,Seimo Sakuta,,,,,,,,,,,,,,,,,
熱斗　探李,ネット,ねっと　さぐり,Net,Netto Saguri,,,,,,,,,,,,,,,,,

#Sengoku Igajima
百地　三太,ももち,ももち　さんた,Momochi,Momochi Santa,,,,,,,,,,,,,,,,,
藤林　長門,ふじばやし,ふじばやし　ながと,Fujibayashi,Fujibayashi Nagato,,,,,,,,,,,,,,,,,
高坂　仁,こうさか,こうさか　じん,Kousaka,Kousaka Jin,,,,,,,,,,,,,,,,,
児雷也　蟇助,じらいや,じらいや　がますけ,Jiraiya,Jiraiya Gamasuke,,,,,,,,,,,,,,,,,
石川　五衛太,ゴエモン,いしかわ　ごえた,Goemon,Ishikawa Goeta,,,,,,,,,,,,,,,,,
風魔　小平太,ふうま,ふうま　こへいた,Fuuma,Fuuma Koheita,,,,,,,,,,,,,,,,,
甲賀　幻,こうが,こうが　げん,Kouga,Kouga Gen,,,,,,,,,,,,,,,,,
猿飛　佐之助,さるとび,さるとび　さのすけ,Sarutobi,Sarutobi Sanosuke,,,,,,,,,,,,,,,,,
柳生　十郎,やぎゅう,やぎゅう　じゅうろう,Yagyuu,Yagyuu Juurou,,,,,,,,,,,,,,,,,
初鳥　伴三,はつとり,はつとり　はんぞう,Hatsutori,Hatsutori Hanzou,,,,,,,,,,,,,,,,,
霧隠　才次,きりがくれ,きりがくれ　さいじ,Kirigakure,Kirigakure Saiji,,,,,,,,,,,,,,,,,
鉢屋　也三郎,はちや,はちや　やさぶろう,Hachiya,Hachiya Yasaburou,,,,,,,,,,,,,,,,,
加藤　段,かとう,かとう　だん,Katou,Katou Dan,,,,,,,,,,,,,,,,,
出浦　清盛,いでうら,いでうら　きよもり,Ideura,Ideura Kiyomori,,,,,,,,,,,,,,,,,
滝川　一馬,たきがわ,たきがわ　かずま,Takigawa,Takigawa Kazuma,,,,,,,,,,,,,,,,,
城戸　弥門,きど,きど　やもん,Kido,Kido Yamon,,,,,,,,,,,,,,,,,

#Senbayama
綾野　勇一,あやの,あやの　ゆういち,Ayano,Ayano Yuuichi,,,,,,,,,,,,,,,,,
炭野　詠輔,すみの,すみの　えいすけ,Sumino,Sumino Eisuke,,,,,,,,,,,,,,,,,
芹沢　和憲,せりざわ,せりざわ　かずのり,
牧谷　寛,まきや,まきや　ひろし,
塩谷　ヒロ,しおたに,しおたに　ひろ,
山根　羊,やまね,やまね　よう,
育井　庄児,いくい,いくい　しょうじ,
大鯉　昇,おおごい,おおごい　のぼる,
原野　徹,はらの,はらの　とおる,
根上　大地,だいち,ねがみ　だいち,
田主丸　茂樹,たぬしまる,たぬしまる　しげき,
草生　久志,くさお,くさお　ひさし,
米山　植人,よねやま,よねやま　うえひと,
犬飼　茂樹,いぬかい,いぬかい　しげき,
福井　咲平,ふくい,ふくい　さくへい,
富士　地洋,ふじ,ふじ　ちひろ,

#Kidokawa Seishuu
軟山　弱
なんざん
なんざん　よわみ
西垣　守
にしがき
にしがき　まもる
女川　映日
めがわ
めがわ　あきひ
光宗　団
みつむね
みつむね　だん
黒部　立樹
くろべ
くろべ　りつき
跳山　段
とびやま
とびやま　だん
屋形　直人
やかた
やかた　なおと
茂木　沙樹都
もぎ
もぎ　さきと
武方　勝
まさる
むかた　まさる
武方　友
とも
むかた　とも
武方　努
つとむ
むかた　つとむ
段堂　正憲
だんどう
だんどう　まさのり
深沢　念司
ふかざわ
ふかざわ　ねんじ
守野　優一
まもりの
まもりの　ゆういち
中井　陽介
なかい
なかい　ようすけ
石井　清気
いしい
いしい　せいき

#Zeus
歩星　呑一
ポセイドン
ぽせい　どんいち
阿保露　光
アポロン
あぽろ　ひかる
部灰　炎
ヘパイス
へぱい　えん
荒須　乱
アレス
あれす　らん
手魚　激　
ディオ
でいお　げき
在手　実弓
アルテミス
あるて　さねき
経目　須商
ヘルメス
へるめ　まつあき
明天名　智
アテナ
あてな　とも
出右手　豊
デメテル
でめて　ゆたか
亜風炉　照美
アフロディ
あふろ　てるみ
平良　貞
ヘラ
へら　ただし
位家　路主
イカロス
いか　みちゆき
安芸　玲須
アキレス
あき　たままつ
経洛　玲州
ヘラクレス
へらく　れす
黒野　時夫
クロノス
くろの　ときお
目戸　宇左
メドゥーサ
めど　うさ

#Inazuma KFC
宗像　大翔
ひろと
むなかた　ひろと
ﾉ
ﾉ
�
ﾉ
*

 

8英山　海人
かいと
ひでやま　かいと
ﾊ
ﾊ
ｯﾊ

�@

;北垣　亮太
りょうた
きたがき　りょうた
ﾋ
ﾋ
ｬﾋ
�@

?瀬島　樹
いつき
せじま　いつき
ﾌ
ﾌ
i
ﾌ

�@

C新竹　颯太
そうた
しんたけ　そうた
ﾍ
ﾍ
ﾛﾍ
�@

G池尻　陽
はる
いけじり　はる
ﾎ
ﾎ
ﾕﾎ

�`

K寺坂　響
てらさか
てらさか　ひびき
ﾏ
ﾏ
�
ﾏ
�
`

N興津　蒼空
そら
こうず　そら
ﾐ
ﾐ
Qﾐ

�`

R間　竜介
りゅうすけ
はざま　りゅうすけ
ﾑ
ﾑ
ｸﾑ

��

U森元　陸斗
りくと
もりもと　りくと
ﾒ
ﾒ
｡ﾒ

�`

X如月　まこ
まこ
きさらぎ　まこ
ﾓ
ﾓ
�
ﾓ

)
�

\青島　薫
あおしま
あおしま　かおる
ﾔ
ﾔ
�ﾔ
�
`

`甘井　一哉
あまい
あまい　かずや
ﾕ
ﾕ
｡
ﾕ

��

c平田　兼
ひらた
ひらた　けん
ﾖ
ﾖ
wﾖ
��

f長谷部　精児
はせべ
はせべ　せいじ
ﾗ
ﾗ
｢
ﾗ

�
`

i巨島　祐一
おおしま
おおしま　ゆういち
ﾘ
ﾘ
｣
ﾘ

�@

m生垣　冗
じょう
いけがき　じょう
ﾝ
ﾝ
ｺ
ﾝ

�
 

q姫島　極
ひめじま
ひめじま　きわむ
ﾞ
ﾞ
�
ﾞ

�

@

t菊池　康志
きくち
きくち　やすし
ﾟ
ﾟ
qﾟ
�
@

w野馬　運
のま
のま　はこぶ
�
�
��

�@

{向山　恭吾
むかいやま
むかいやま　きょうご
�
�
i
�

�

@

茶木　椎斗
ちゃき
ちゃき　しいと
�
�
､
�

�
`

�加納　輪介
かのう
かのう　りんすけ
�
�
R�
�`

�立野　誠一
たちの
たちの　せいいち
�
�
ﾑ�
�

`

�出前　洋
でまえ
いでまえ　よう
�
�
��

-


�

�安永　英嗣
やすなが
やすなが　ひでつぐ
�
�
I�
�

`

�水口　精司
みずぐち
みずぐち　せいじ
�
�
��
�
�

�堤　広司
つつみ
つつみ　こうじ
�
�
P�

�
`

�友岡　愛斗
ともおか
ともおか　なると
�
�
･
�

�
`

�丸出　為夫
まるで
まるで　ためお
�
�
･
�
�
@

｡石崎　満
いしざき
いしざき　みつる
�
�
ﾊ�
�

@

･小塚　勇介
こづか
こづか　ゆうすけ
�
�
ﾑ�

�@

ｩ八百野　スミ子
やおの
やおの　すみこ

�
�
ﾇ�

�- 

ｬ筆山　トメ
トメ
ふでやま　とめ

�
�
ｦ
�

�>@

ｯ大玉　好美
おおたま
おおたま　このみ

�
�
ｧ
�
�
@

ｳ骨盤　整
こつばん
ほねまる　ひとし

�
�
p�
�@

ｷ執刀　直
しっとう
しっとう　なお

�
�
ｨ
�

�(@

ｺ立見　律子
りつこ
たちみ　りつこ

�
�
ｩ
�
� 
`

ｾ店街　隠典
ごいんきょ
みせまち　やすのり

�
�
ｪ
�

3@
`

ﾁ歌川　誠
うたがわ
うたがわ　まこと

�
�

ｨ�

�
`

ﾅ如月　沙理奈
サリー
きさらぎ　さりな

�
�
ｫ
�

3
�

ﾉ三河屋　三郎
サブちゃん
みかわや　さぶろう

�
�
��

�
`

ﾍ符呂暮　岩生
プログレ
ぷろぐれ　いわお

�
�

��

�
�

ﾐ家守　優司
いえもり
いえもり　ゆうじ

�
�

�
�

�'
�

ﾔ戎　正義
えびす
えびす　まさよし

�
�
ｷ�

�>
@

ﾗ生地　釜雄
いくじ
いくじ　かまお

�
�

ｬ
�

� 
@

ﾛ衛士　展也
えじ
えじ　のぶや

�
�

p�

�%
�

ﾟ田辺　さやか
さやか
たなべ　さやか




ｭ

�
@

�響木　正剛
ひびき
ひびき　せいごう
ｮ

ﾋ7 

�浮島　一人
うきしま
うきしま　かずと
ｯ

ﾋ7
@

�髪村　切斗
かみむら
かみむら　きりと

ｰ

�6@

�会田　力
あいだ
あいだ　ちから

ｸ

ﾋ7@

�場寅　仕
バトラー
ばとら　まなぶ
		
:	

�7
`

�中間　庸
なかま
なかま　よう



/

�5
`

�碇　頑五郎
いかり
いかり　げんごろう

ｱ

�7
`

�定良　保
テーラー
ていら　たもつ

ｲ

�6
`

民山　謡
マスター
たみやま　よう



�



�6
�

菅田　厳
すがた
すがた　いわお
p
�7
`

備流田　光一
ビルダー
びるだ　こういち
`
�5�


国木田　俳人
はいじん
くにきだ　はいと
ｳ

�7
�

道場　亮治
みちば
みちば　りょうじ

q

�6
�

土盛　工司
こうじ
つちもり　こうじ
ｸ
�6`

賭山　流
かけやま
かけやま　りゅう

ﾉ
�5@

厚田　直
あつた
あつた　なお

ｴ

�7@

レイトン
レイトン
レイトン

=

=

@

"ルーク
ルーク
ルーク

>

=
`

#アンソニー
アンソニー
アンソニー

?

=
P
�

$ドンポール
ドンポール
ドンポール

@

=

@

%アロマ
アロマ
アロマ

A

=

`

&チェルミー
チェルミー
チェルミー

B

=
P
@

'速水　真刃
マッハ
はやみ　まっは
--
--
�
�

(黄田　嵐
おうだ
おうだ　あらし
..
_.
�
d

+兜　角雄
かぶと
かぶと　すみお
//p/
�c

/調　半次
しらべ
しらべ　はんじ
00
60
�
�

2玄武　冬樹
げんぶ
げんぶ　ふゆき
11
ｰ1
�
�

6土野　小太郎
つちの
つちの　こたろう
22
_2
�#

9蝶野　真宇
ちょうの
ちょうの　まう
33
S3
�
D

=前田　剛
ごう
まえだ　ごう
44
�4
�
%

@槍野　育生
やりの
やりの　いくお
55
{5
�
b

C彩雲　強
さいうん
さいうん　つよし
66
]6
�
#

F桑形　刃
くわがた
くわがた　やいば
77
S7
�
A

J矢野　球児
きゅうじ
やの　きゅうじ
88
Q8
�

A

N伊能　忠
いのう
いのう　ちゅう
99
/9
�b

Q団土　弾
だん
だんど　だん
::
Z:
�
D

U雷鳴　仁
らいめい
らいめい　じん
;;
S;
�
e

Y有海　直央
アルミ
あるみ　なお
<<
ﾕ<
�
"

]大久保　俊生
おおくぼ
おおくぼ　としお
==
d=
�
!

`小手川　練
こてがわ
こてがわ　れん
>>
I>
�
d

d亀田　ぽん太
ぽんた
かめだ　ぽんた
??
�?
�
c

h羽生　辰巳
はぶ
はぶ　たつみ
@@
U@
�

�

k高杉　晋太郎
たかすぎ
たかすぎ　しんたろう
AA
ﾆA
�
D

n楠木　昌成
くすのき
くすのき　まさなり
BB
^B
�
�

q信濃　望
しなの
しなの　のぞむ
CC�C
�#

u伊賀　栗之助
いが
いが　くりのすけ
DD
iD
�B

y鎌井　達夫
かまい
かまい　たつお
EE
/E
�
B

|那須　与一
よいち
なす　よいち
FF
0F
�

D

金剛　新
こんごう
こんごう　あらた
GG
{G
�
%

�風吹　拓斗
ふぶき
ふぶき　たくと
HH
ZH
�
"

�鎌桐　蒼人
かまきり
かまきり　あおと
II
tI
��

�毛利　元気
もうり
もうり　げんき
JJ
SJ
�
"

�写楽　庄司
しゃらく
しゃらく　しょうじ
KK
PK
�

e

�定規　頑
じょうぎ
さだのり　いわお
LL
ﾕL
�
�

�東　昇
ひがし
ひがし　のぼる
MM
�M
�"

�羅城門　藤次
らじょう
らじょうもん　とうじ
NN
_N
�#

�西郷　隆
さいごう
さいごう　たかし
OO
�O

�#

�坂本　良
さかもと
さかもと　りょう
PP
AP
�
B

､師走　洋次
しわす
しわす　ようじ
QQ
XQ
�
D

ｨ布袋　一人
ほてい
ほてい　かずと
RR
ﾘR
��

ｬ蜂須賀　シン
はちすが
はちすが　しん
SS
�S

�
$

ｰ三国　賢士
みくに
みくに　さとし
TT
AT
�

!

ｳ石倉　輝信
いしくら
いしくら　あきのぶ
UUpU
�#

ｷ風来　康太
ふうらい
ふうらい　こうた
VV
ｽV
�
�

ｻ海皇　星児
かいおう
かいおう　せいじ
WW
;W
�
a

ｿ阿蘇　燃
あそ
あそ　もゆる
XX
�X
��

ﾃ冷泉　錐
れいぜん
れいぜん　すい
YY
_Y
�
A

ﾆ向日葵　まこと
ひまわり
ひまわり　まこと
ZZ
�Z
�

b

ﾉ三宅　力丸
りきまる
みやけ　りきまる
[[�[
�
#

ﾍ常磐　勝男
かつお
ときわ　かつお
\\
�\
�%

ﾐ龍野　寵児
りゅうの
りゅうの　ちょうじ
]]
6]
�
$

ﾓ卯月　一
うづき
うづき　はじめ
^^
I^

�
$

ﾖ近藤　勇夫
こんどう
こんどう　いさお
__
I_
��

ﾚ千手　孝史
せんじゅ
せんじゅ　たかし
``
0`
�
$

ﾞ富良野　紫苑
ふらの
ふらの　しおん
aa
�a
��

�宇院　武流人
ういん
ういん　ぶると
bb
Sb
�

%

�勝　海次
かつ
かつ　かいじ
cctc
�
%

�紫電　戒
シデン
しでん　かい
dd
Pd
�
!

�聖徳　泰治
しょうとく
しょうとく　たいじ
ee
Xe
�
$

�成田　覚
なりた
なりた　さとし
ff
ｽf
�
a

�雷電　真太郎
らいでん
らいでん　しんたろう
gg
`g
�#

�大矢　慢太郎
おおや
おおや　まんたろう
hh
]h
��

�中山　律
なかやま
なかやま　りつ
ii
;i
�
D

秋水　貴之
しゅうすい
しゅうすい　たかゆき
jj
{j
�
�

赤川　翼
つばさ
あかがわ　つばさ
kk
ﾆk
��

裁原　正義
さいばら
さいばら　まさよし
ll
^l
�
%

霜月　直輔
しもつき
しもつき　なおすけ
mm
�m
�
E

仲間田　太助
たすけ
なかまだ　たすけ
nn
Nn
�
�

光明寺　聡明
そうめい
こうみょうじ　さとあき
oo
ﾔo
�
E

臼引　十兵衛
じゅうべえ
うすひき　じゅうべえ
pp
ｩp
��

近辺　十馬
こんぺいと
こんぺ　とうま
qq
iq
�
B

月光　満
まんげつ
げっこう　みちる
rr
�r
�
E

阿修羅　三夫
あしゅら
あしゅら　みつお
ss�s
�
�

"波田野　漣
はたの
はたの　れん
tt�t
�
c

%天野　雨彦
あめひこ
あまの　あめひこ
uu�u
�
#

(平　和人
たいら
たいら　かずひと
vv
<v
�
�

,地蔵　久夢
じぞう
じぞう　くむ
ww
�w
�
�

/鷹桐　凱
タカ
たかぎり　がい
xx
x
�"

2細井　高
ほそい
ほそい　こう
yy
~y

�
%

6不動　叡一
ふどう
ふどう　えいいち
zz�z
�
D

:大和　進
やまと
やまと　すすむ
{{
R{
�
!

>津曲　勉
がり
つまがり　つとむ
||
|
�$

A世良　一期
いちご
せら　いちご
}}
ﾔ}
�
�

D沖田　創
おきた
おきた　そう
~~
<~
�

a

G長崎　紀一
ながさき
ながさき　きいち

ｩ
�
!

K鴨川　武一
かも
かもがわ　ぶいち
����
�
�

O仏　良夫
ほとけ
ほとけ　よしお
����
�

A

S箸井　邦明
ハシ
はしい　くにあき
��
��
�

"

V明智　光
あけち
あけち　ひかる
��
t�
�
e

Y雉端　練人
きじはた
きじはた　れんと
��
i�
�
%

]神野　啓司
じんの
じんの　けいじ
��
N�
�

$

`富嶽　厚志
ふがく
ふがく　あつし
��
R�
�e

d白間　涼
しろま
しろま　りょう
��
ﾔ�
�
�

g黒川　真夜
くろかわ
くろかわ　しんや
��p�
�$

j菖蒲　畠也
しょうぶ
しょうぶ　はたや
��
s�
��

m赤城　正馬
あかぎ
あかぎ　しょうま
��
/�
�b

p天野　陽介
ようすけ
あまの　ようすけ
����
�
c

s坂山　金太郎
きんたろう
さかやま　きんたろう
��
��
�c

w朝露　音夢
あさつゆ
あさつゆ　ねむ
��
i�
�
B

{横浜　英二
よこはま
よこはま　えいじ
��
��
�d

弁天　正市
べんてん
べんてん　しょういち
��
d�
�$

�氷室　剛勇
ごうゆう
ひむろ　ごうゆう
��
��

�d

�新間　読
しんま
しんま　よみ
��
\�
�
e

�水田　流
ながる
みずた　ながる
��
��
�a

�座敷　童
ざしき
ざしき　どう
��
��
�
$

�国定　忠次郎
くにさだ
くにさだ　ちゅうじろう
��S�
�#

�枚田　影夫
まいたん
まいた　かげお
��
-�
�
�

�御坊　研人
ごぼう
ごぼう　けんと
��<�
�
%

�大鉄　茂
だいてつ
だいてつ　しげる
����
�c

�布村　触
ぬのむら
ぬのむら　ふれる
��
^�

�#

｢伏木　動矢
ふしき
ふしき　どうや
��
S�
�

E

ｦ日武　禄郎
ひむろ
ひむ　ろくろう
��
;�
�
!

ｪ福士　宏行
ふくし
ふくし　ひろゆき
��
ﾔ�

�
%

ｭ小車　巡
こぐるま
こぐるま　めぐる
��
z�
�
�

ｰ熱井　羽之
あつい
あつい　うゆき
��
I�
��

ｳ相原　談
そうだん
あいはら　だん
��i�
�a

ｷ手札　来斗
てふだ
てふだ　くると
��
I�
�
�

ｻ金堅　護
きんこ
かなかた　まもる
��
ﾕ�
��

ｾ玉川　当
たまがわ
たまがわ　あたる
｡｡
S｡
�E

ﾂ僧野　景市
そうの
そうの　けいいち
｢｢
w｢
�
%

ﾆ亜鉛　栄
あえん
あえん　さかえ
｣｣
｣
�
e

ﾊ明井　評吾
あかい
あかい　ひょうご
､､Z､
�
%

ﾍ有里　労人
アリ
ありさと　もりひと
･･
O･
�

E

ﾑ湧口　鉄馬
ゆぐち
ゆぐち　てつま
ｦｦ
bｦ

�
a

ﾔ鳴門　潮
なると
なると　うしお
ｧｧ
Sｧ
�"

ﾘ六甲　嵐
ろっこう
ろっこう　あらし
ｨｨ
Cｨ
�
�

ﾛ遠山　金太
とおやま
とおやま　きんた
ｩｩ`ｩ
�
%

ﾞ空原　誘
そらはら
そらはら　さそう
ｪｪ
Wｪ
�!

�鈴鹿　走
すずか
すずか　はしる
ｫｫ
ｾｫ
�B

�金井　満
かない
かない　みつる
ｬｬ0ｬ
�

�

�金沢　努
かねざわ
かねざわ　つとむ
ｭｭ
�ｭ
�
A

�天戸　建
テント
あまと　たてる
ｮｮｪｮ
�
E

�真田　幸夫
さなだ
さなだ　ゆきお
ｯｯQｯ
�
A

�水渡　長流
みずわたり
みずわたり　ながる
ｰｰ
�ｰ
�
B

�高胡　菜生
こうこ
こうこ　なお
ｱｱ
dｱ
�D

�白金　希
はっきん
しろがね　まれ
ｲｲ
-ｲ
�

A

�隼　駿介
はやぶさ
はやぶさ　しゅんすけ
ｳｳ
�ｳ
�
�

桐技　躍馬
きりあや
きりあや　やくま
ｴｴ
�ｴ
�E

間宮　林三
まみや
まみや　りんぞう
ｵｵ
_ｵ
�
E

出田　優士
いでた
いでた　ゆうし
ｶｶ
�ｶ
�
D

音尾　風雅
ねお
ねお　ふうが
ｷｷ�ｷ
�#

塗壁　保
ぬりかべ
ぬりかべ　たもつ
ｸｸ
�ｸ
�
e

笠原　竜也
かさはら
かさはら　たつや
ｹｹ
~ｹ
�E

水巻　開平
みずまき
みずまき　かいへい
ｺｺdｺ
�
e

宮城　錦
みやぎ
みやぎ　にしき
ｻｻｸｻ
�
E

歌場　創人
うたば
うたば　そうと
ｼｼ
Iｼ
�
�

八重樫　智
やえがし
やえがし　さとる
ｽｽﾕｽ
�c

"花庭　蒔志
はなにわ
はなにわ　まきし
ｾｾ
Sｾ

��

%貼野　哲郎
はるの
はるの　てつろう
ｿｿ
Rｿ
�
B

(山形　信洋
やまがた
やまがた　のぶひろ
ﾀﾀ
6ﾀ
�%

,押井　解
おしい
おしい　ほぐす
ﾁﾁ
ｰﾁ
��

/菜乃　常則
ナノ
なの　つねのり
ﾂﾂ
^ﾂ
�

A

2吹越　一徳
ふきこし
ふきこし　いっとく
ﾃﾃ
ﾕﾃ
�
D

5松田　正敏
まつだ
まつだ　まさとし
ﾄﾄ
Pﾄ
�E

9大垣　純章
おおがき
おおがき　すみあき
ﾅﾅ
0ﾅ
��

=新井　超
あらい
あらい　とおる
ﾆﾆ
pﾆ
�
�

A町田　禄郎
まちだ
まちだ　ろくろう
ﾇﾇ
�ﾇ

�C

D北原　幸一
きたはら
きたはら　こういち
ﾈﾈ
fﾈ
�
e

G入来　徹
いりき
いりき　とおる
ﾉﾉ
{ﾉ
�

B

K江田　俊二
しゅんじ
えだ　しゅんじ
ﾊﾊ
Iﾊ

�!

O西尾　信輔
にしお
にしお　しんすけ
ﾋﾋ
Pﾋ
�
�

S服部　陸
トリック
はっとり　りく
ﾌﾌ
1ﾌ
�

�

V天道　陽光
てんとう
てんとう　ようこう
ﾍﾍ
ﾆﾍ

�
B

Z質屋　流
しちや
しちや　ながる
ﾎﾎ
Iﾎ
�$

]銭形　芳生
ぜにがた
ぜにがた　よしお
ﾏﾏIﾏ
�
A

`金子　一樹
かねこ
かねこ　かずき
ﾐﾐiﾐ
�
e

d伝法　平介
でんぽう
でんぽう　へいすけ
ﾑﾑ
Wﾑ
�

�

g中園　康文
なかぞの
なかぞの　やすふみ
ﾒﾒ
-ﾒ
�

b

k阿賀　預利
あが
あが　まさとし
ﾓﾓ
tﾓ
�
E

n海原　浴
うみはら
うみはら　あびる
ﾔﾔ
ｪﾔ
�
�

r牛頭　忠太
ごず
ごず　ちゅうた
ﾕﾕ�ﾕ
�
A

v河伯　童子
かはく
かはく　どうじ
ﾖﾖ
<ﾖ
�

%

z細江　茂志
ほそえ
ほそえ　しげし
ﾗﾗSﾗ
�
c

}北雄　石英
せきえい
きたお　いしひで
ﾘﾘ
_ﾘ
�
�

�二宮　金次
にのみや
にのみや　きんじ
ﾙﾙ
0ﾙ
�
%

�鮭川　昇
シャケ
さけかわ　のぼる
ﾚﾚ
�ﾚ
�
!

�水原　弘也
みずはら
みずはら　ひろなり
ﾛﾛ
�ﾛ
�
�

�芝　生夫
しばふ
しば　いくお
ﾜﾜ�ﾜ
�C

�西嶋　路美
にしじま
にしじま　みちはる
ﾝﾝ
�ﾝ

�#

�劉備　玄
りゅうび
りゅうび　げん
ﾞﾞ
�ﾞ

�
#

�福島　初志
ふくしま
ふくしま　はつし
ﾟﾟ
7ﾟ
�
%

�羅馬　久輝
ローマ
らま　ひさてる
��d�
�
%

�灰谷　直
はいたに
はいたに　なお
��
��

�#

｢符川　芳正
ふかわ
ふかわ　よしまさ
��
=�
�
d

･栃木　光
とちぎ
とちぎ　ひかる
��
^�
�
c

ｨ張飛　益斗
ちょうひ
ちょうひ　えきと
��b�
�#

ｬ鎧　護人
よろい
よろい　もりと
��
��

�C

ｰ高知　勇士
こうち
こうち　ゆうし
��
��
�C

ｳ関羽　長人
かんう
かんう　おさひと
����
�
�

ｶ札幌　澄太
さっぽろ
さっぽろ　すみた
��
I�
�

e

ｺ韓信　潜
かんしん
かんしん　くぐる
��
q�
�
�

ｽ井口　満
いぐち
いぐち　みつる
��
I�
��

ﾀ森下　返
もりした
もりした　かえす
��
m�
��

ﾃ袋崎　拓路
ふくろさき
ふくろさき　たくじ
��
B�
�
"

ﾇ倉橋　大
くらはし
くらはし　だい
��
}�

�
c

ﾊ今村　修生
いまむら
いまむら　しゅう
��e�
�
D

ﾍ革嶋　磨
かわしま
かわしま　みがく
��
N�
�
%

ﾑ川崎　大志郎
かわさき
かわさき　だいしろう
��
I�
�

%

ﾕ登川　光
のぼりかわ
のぼりかわ　ひかる
��
U�
�C

ﾙ開川　路也
かいかわ
かいかわ　みちや
��
Q�

�
A

ﾝ菊丸　一休
いっきゅう
きくまる　いっきゅう
��
��
�

�

�矢形　王星
やがた
やがた　おうせい
��
0�
�
$

�鈴虫　月彦
すずむし
すずむし　つきひと
��
@�
�
d

�彦　牽牛
ヒコ
ひこ　けんぎゅう
��
u�
�
�

�寿老　仁
じゅろう
じゅろう　じん
��
｢�
�
D

�南陸　極
なんりく
なんりく　きわむ
��
ｼ�
�
"

�井頭　針次
いがしら
いがしら　しんじ
����
�
!

�伊勢　隼人
いせ
いせ　はやと
��
R�

�
a

�長門　司
ながと
ながと　つかさ
��ﾔ�
�

�

�派鶴　解斗
パズル
ぱずる　かいと
��
.�
�

E

札野　蝶司
いの
ふだの　ちょうじ
��
��
�$

永長　千里
ながおさ
ながおさ　せんり
��
､�
�

%

前園　航平
まえぞの
まえぞの　こうへい
��
|�
�D

草薙　剣
くさなぎ
くさなぎ　けん



｣

�
�

宇枝　歴人
うえだ
うえだ　ひすと

�
�
a

加賀　裕太
かが
かが　ゆうた

I
�

B

野沢　公顕
のざわ
のざわ　きみあき

ﾃ
��

源　義雄
みなもと
みなもと　よしお

i
�

"

長刀　睦人
なぎなた
なぎなた　むつと
ｫ
�
$

!長月　九
ながつき
ながつき　きゅう

ｬ
�
"

$日向　光伸
ひゅうが
ひゅうが　みつのぶ

h
�
e

'玉井　央一
たま
たまい　おういち

9
�E

+大文字　文人
だいもんじ
だいもんじ　あやひと
		
V	
�
!

.烈風　金道
れっぷう
れっぷう　かねみち



�


�
%

1伊波　登
いなみ
いなみ　のぼる

�

�
e

5広島　紅
ひろしま
ひろしま　くれない

�
�

�

8占部　智人
うらべ
うらべ　ともひと



ｮ

�
E

;榎本　武
えのもと
えのもと　たけし

:
�

A

>砲羽　陽介
ほうば
ほうば　ようすけ

ｳ
�
E

B徳井　種延
とくい
とくい　たねのぶ
ﾛ
�
!

F高雄　みのる
たかお
たかお　みのる

ｸ
�
�

I折田　造
おりた
おりた　つくる

?
�
�

M淡島　空
あわしま
あわしま　そら

ﾓ
�

!

Q宮崎　太陽
みやざき
みやざき　たいよう

~
�
B

U大丸　遠
だいまる
だいまる　とうし
�
��

Y芥川　治
あくたがわ
あくたがわ　おさむ
ｯ
�
e

]薬師寺　健
やくしじ
やくしじ　けん

ｴ
�
!

a香元　薫
こうもと
こうもと　かおる
q
�
d

d星見　透馬
ほしみ
ほしみ　とうま

ｵ
�
"

h大黒　弘樹
だいこく
だいこく　ひろき

ﾛ
�

�

l十字　導昭
じゅうじ
じゅうじ　みちあき

:
�

B

p電光　則武
でんこう
でんこう　のりたけ

C
�

d

t大分　温夫
おおいた
おおいた　あつお

L
�
�

x由馬　グレイ
ぐれい
ゆうま　ぐれい

Y
�
C

{山梨　不二夫
やまなし
やまなし　ふじお
�
�
!

髪切　徹也
かみきり
かみきり　てつや
  
･ 

�
e

�坂上　幹生
みきお
さかがみ　みきお
!!
ｦ!

�

�

�伊達　竜
だて
だて　りゅう
""
ｯ"
�

b

�音下　重樹
おとした
おとした　しげき
##
｡#
�

�

�山口　洞
やまぐち
やまぐち　ほこら
$$
E$
�
%

�香川　明央
かがわ
かがわ　あきお
%%
ﾜ%
��

�恩田　心太郎
おんだ
おんだ　しんたろう
&&
ｷ&

�
A

�彗星　槙矢
すいせい
すいせい　まきや
''
y'
�
b

�児田　山彦
やまひこ
こだ　やまひこ
((
ｹ(
�D

�畳田　和夫
たたみだ
たたみだ　かずお
))
�)
�
%

｡徳川　康夫
とくがわ
とくがわ　やすお
**
�*

�
e

､大久　史也
おおひさ
おおひさ　ふみや
++
ﾇ+
�

!

ｧ埴輪　宇一
はにわ
はにわ　ういち
,,
ﾙ,
�

"

ｪ弓　すぐる
ゆみ
ゆみ　すぐる
--
[-
�
D

ｮ山椒　宇城人
さんしょう
さんしょう　うきと
..
�.
�
B

ｲ久家　君麻呂
くげ
くげ　きみまろ
//
ﾔ/
��

ｵ皿山　秀貴
さらやま
さらやま　ひでたか
00ﾜ0
�
�

ｸ雨宮　長宏
あまみや
あまみや　ながひろ
11
ｲ1
�
a

ｼ紅　伸樹
くれない
くれない　のぶき
22
ﾐ2
�
$

ｿ忍田　歳三
としぞう
おしだ　としぞう
33ﾂ3
�
�

ﾃ柄崎　大吾
つかざき
つかざき　だいご
44ｻ4
�
C

ﾇ砂　皇司
まさご
まさご　こうじ
55
ｺ5
�
$

ﾊ森　石松
いしまつ
もり　いしまつ
66
�6
�

%

ﾎ福津　朔也
ふくつ
ふくつ　さくや
77
ﾅ7
�

d

ﾑ床尾　宗次
そうじ
ゆかお　そうじ
88
ﾀ8
�
�

ﾕ陸奥　大吾
むつ
むつ　だいご
99
ﾔ9
��

ﾘ近井　未来
ちかい
ちかい　みき
::ﾄ:
�
�

ﾛ歌田　澄人
うただ
うただ　すみと
;;
�;

�

d

ﾞ雪山　岳治
ゆきやま
ゆきやま　がくじ
<<
｡<

�

�

�猫野　亮太
ねこの
ねこの　りょうた
==
l=
�a

�戌井　太郎
いぬい
いぬい　たろう
>>ﾖ>
�C

�末野　紅
すえの
すえの　こう
??
?

�

D

�海東　衛
かいとう
かいとう　まもる
@@
�@
�#

�中村　夢千代
ゆめちよ
なかむら　ゆめちよ
AA�A
�
d

�上杉　謙吾
うえすぎ
うえすぎ　けんご
BB
ﾁB
�
�

�江古　貴生
エコ
えこ　たかお
CC
4C

�

�

�土方　歳
ひじかた
ひじかた　とし
DD
@D
�
A

�豊臣　秀紀
とよとみ
とよとみ　ひでのり
EE
ｻE
�
�

平賀　源
ひらが
ひらが　げん
FF
RF
�
$

岩永　鉱介
いわなが
いわなが　こうすけ
GGｩG
�
B

白菊　悠人
しらぎく
しらぎく　ゆうと
HH
ｱH
�

�

宝田　中
あたる
たからだ　あたる
II
ﾗI
�
a

鍋山　海人
なべ
なべやま　うみと
JJ
ｾJ
�

%

響　恭一
きょういち
ひびき　きょういち
KKｬK
�
E

幸田　大吉
だいきち
こうだ　だいきち
LL
ﾗL
�
�

福岡　武雄
ふくおか
ふくおか　たけお
MM
ｿM
�
e

鮫島　嵐人
さめじま
さめじま　らんと
NNN
�#

"尾泉　平介
おいずみ
おいずみ　へいすけ
OOﾈO
�
D

%黄金　丸雄
こがね
こがね　まるお
PP
ﾊP
�
C

)飛龍　仁
ひりゅう
ひりゅう　じん
QQ
ｹ
Q
�

d

,寺野　竜
てらの
てらの　りゅう
RRﾌR
�

!

/器島　改太
きじま
きじま　あらた
SS
cS
�

b

3納屋　粘
なや
なや　ねばる
TT
vT
�

%

7形　創
かた
かた　はじめ
UU�U
��

;矢地　伊久夫
やじ
やじ　いくお
VV
ﾍV
�
B

?汐崎　怜央
しおざき
しおざき　れお
WW
:W
�
!

B地内　雅彦
ちうち
ちうち　まさひこ
XX
｣X
�a

E風切　彰
かざきり
かざきり　しょう
YY
�Y
�
B

I赤江　王星
あかえ
あかえ　おうせい
ZZQZ
�
A

M牧場　羊一
まきば
まきば　よういち
[[ﾛ[
�

e

P橘花　直弘
きっか
きっか　なおひろ
\\
.\
�
!

S水草　陽之
みずくさ
みずくさ　はるゆき
]]
･]

�

�

W安倍　晴昭
あべ
あべ　はるあき
^^
ｮ^
�
A

[恵比寿原　始
はじめ
えびすはら　はじめ
__
ﾓ_
�E

^与木　奏
よぎ
よぎ　そう
``
~`
�
�

b雲野　久斗
うんの
うんの　ひさと
aa
�a

�
A

e蝉本　圭輔
せみもと
せみもと　けいすけ
bb
ｬb
�
a

i日々原　納
ひびはら
ひびはら　おさむ
cc
ｷc

�
D

l目黒　和久
めぐろ
めぐろ　かずひさ
dd
Yd
�

B

o高野　瑠偉
たかの
たかの　るい
ee
ue
�
�

s伊集院　満
みちる
いじゅういん　みちる
ff､f
�
#

w竜巻　渡
たつまき
たつまき　わたる
gg
?g
�
�

z鳩山　永人
はとやま
はとやま　ながと
hh
�h
�
A

}眠井　俊郎
ねむい
ねむい　としろう
ii�i
�#

�海渡　壮介
うみわたり
うみわたり　そうすけ
jj
ﾛj
�
d

�綿矢　針次
わたや
わたや　しんじ
kk
ﾀk
�
%

�竹田　合馬
たけだ
たけだ　おうま
llvl
��

�仲　義人
なか
なか　よしひと
mm
ｴm
�
D

�明星　すばる
すばる
みょうじょう　すばる
nn
hn
�
%

�愛宕　達平
あたご
あたご　たっぺい
oo
ｳo
�
%

�蕪木　金光
かぶらぎ
かぶらぎ　かねみつ
ppRp
�
�

�太鼓田　保
ドラム
たいこだ　たもつ
qq
|q
�
!

�滋賀　圭作
しが
しが　けいさく
rr
ｫr

�
D

�古武　合気
あいき
こぶ　あいき
ss
:s
�
�

､岩手　民和
いわて
いわて　たみかず
tt
ct
�
B

ｨ卓野　球太
たっきゅう
たくの　きゅうた
uu
iu
�
�

ｬ犬神　司
いぬがみ
いぬがみ　つかさ
vv
�v
�
"

ｰ辰己　検
たつみ
たつみ　けん
wwｵw
�$

ｴ雀野　京平
すずめ
すずめの　きょうへい
xx
�x
�

b

ｷ掘高　才介
ほりたか
ほりたか　さいすけ
yy
ﾙy
�

�

ｺ安功　守之
あんこう
あんこう　もりゆき
zzqz
�
C

ｽ博多　商次
はかた
はかた　しょうじ
{{
｡{
�
�

ﾁ奈々星　典斗
ななほし
ななほし　てんと
||
�|
�

"

ﾄ遊佐　紺平
ゆさ
ゆさ　こんぺい
}}
:}
�
a

ﾇ保志野　光
プリンス
ほしの　ひかる
~~
ﾐ~
�
$

ﾋ藤原　道長
ふじわら
ふじわら　みちなが

ﾔ
�e

ﾏ海老名　安弘
エビ
えびな　やすひろ
��ｯ�
�
%

ﾓ大根　成弥
おおね
おおね　なみや
��
ﾛ�

�
E

ﾗ杉山　敬次郎
すぎ
すぎやま　けいじろう
��
y�
�

�

ﾛ青葉　清吾
あおば
あおば　せいご
��
9�
�
a

ﾞ花神　蔵六
かしん
かしん　ぞうろく
��
｣�
�
e

�新潟　越光
にいがた
にいがた　こしみつ
����
�

%

�満仁　亜斗夢
まに
まに　あとむ
��
ｼ�
�
�

�西　月彦
にし
にし　つきひこ
��ﾛ�
�

%

�寺務　育生
じむ
じむ　いくお
��L�
�
�

�田中　太郎
たなか
たなか　たろう
��
C�
�
e

�五月　晴彦
さつき
さつき　はるひこ
��
ﾊ�
�e

�静岡　久志
しずおか
しずおか　ひさし
��
ｹ�
�

�

�植木　繁治
うえき
うえき　しげはる
��
ｻ�
�
D

�七色　声司
なないろ
なないろ　せいじ
��
､�
�

�

トン　ニーノ
トンニーノ
とん　にーの
��
��
�

b

屋上　遊
おがみ
おがみ　ゆう
��
ﾃ�
�%

三ツ葉　葵
みつば
みつは　あおい
��
:�
�A

窪田　護
くぼた
くぼた　まもる
��
ﾇ�

�
E

時枝　哲矢
ときえだ
ときえだ　てつや
��
��
�

$

蝉丸　智人
せみまる
せみまる　のりと
��
v�
�

�

幹田　重人
みきた
みきた　しげと
��
ｸ�
�e

探田　偵人
たんてい
さぐるだ　さだひと
��
[�
�

�

!愛甲　大介
あいこう
あいこう　だいすけ
��｡�
�
�

%地道　彰
じみち
じみち　しょう
��｡�
�

e

)飛田　玲二
ひきゃく
とびた　れいじ
��
��
�

!

-恐山　零
おそれやま
おそれやま　れい
��
ｯ�
�
E

1阿久　鋭矢
あく
あく　えいや
��
ｷ�
�

a

4唐松　正豪
からまつ
からまつ　まさたけ
��
ﾁ�
�
b

7鳥取　雄吾
とっとり
とっとり　ゆうご
���
�
e

;薬原　椋人
むくと
やくはら　むくと
��
R�
�
d

?葱野　刻
ねぎの
ねぎの　きざみ
��
ｲ�
�
�

C弱気田　静也
しずや
よわきだ　しずや
��
��
�a

G扇谷　享
おうぎや
おうぎや　とおる
��
ｧ�
�
D

K手力　崇男
たじから
たじから　たかお
｡｡ｴ｡
�C

O回法　文夫
かいほう
かいほう　ふみお
｢｢
ﾄ｢

�
�

R吉備　桃太郎
ももたろう
きびの　ももたろう
｣｣
�｣
�

a

V風間　弦
かざま
かざま　げん
､､
�､

�
#

Y時任　信
ときとう
ときとう　しん
･･
:･
��

\手崎　清矢
てざき
てざき　せいや
ｦｦ
Cｦ
�
D

`絵嶋　裕斗
えじま
えじま　ゆうと
ｧｧ
ｯｧ
�
d

d文殊　紀一
もんじゅ
もんじゅ　きいち
ｨｨ
@ｨ
�
�

h上月　邦宏
にんじん
うえつき　くにひろ
ｩｩ
�ｩ
�

�

l院法　歩
いんぽう
いんぽう　すすむ
ｪｪ
ｩｪ
�
�

p尾浦　玲歩
レポ
おうら　れいほ
ｫｫ
ﾜｫ

�

e

t富良　民吾
フラミンゴ
ふら　みんご
ｬｬ
ﾌｬ

�
B

x馬頭　鋭気
ばとう
ばとう　えいき
ｭｭ
�ｭ
�D

|弥生　比奈太
やよい
やよい　ひなた
ｮｮ
ｱｮ
�

�

�佐賀　三兵
さが
さが　みへい
ｯｯ
ｾｯ
�
$

�舞谷　染五郎
まいたに
まいたに　そめごろう
ｰｰ
�ｰ
�

e

�天山　吉行
てんざん
てんざん　よしゆき
ｱｱ
lｱ
�C

�鯨山　広
くじら
げいざん　ひろし
ｲｲｲ
�
c

�井砂　卓司
いすな
いすな　たくじ
ｳｳ
ｻｳ
�

a

�夜森　音夢
やもり
やもり　ねむ
ｴｴ
｡ｴ
��

�法蓮　草矢
ほうれん
ほうれん　くさや
ｵｵ
ｭｵ
�
$

�久慈　孝彦
クジ
くじ　たかひこ
ｶｶ~ｶ
�
�

�樋川　幹太
といかわ
といかわ　かんた
ｷｷ
4ｷ
�
�

�弥勒　知
みろく
みろく　あきら
ｸｸ
ｮｸ
�d

｣印旛　鑑次
インカン
いんば　かんじ
ｹｹ
4ｹ
�

%

ｧ火山　希一
ひやま
ひやま　きいち
ｺｺ
:ｺ
�
�

ｪ大福　笑介
だいふく
だいふく　しょうすけ
ｻｻ
Rｻ
�
�

ｭ蛍原　鉄洋
ほとはら
ほとはら　てつひろ
ｼｼ
ﾈｼ

�

d

ｱ陽炎　千晶
かげろう
かげろう　ちあき
ｽｽ
ﾛｽ

�

%

ｵ園田　三保
さんぽ
そのだ　みほ
ｾｾ
Rｾ
�

�

ｸ白石　輝
しらいし
しらいし　てる
ｿｿ
=ｿ

�
e

ｼ蛸田　轟大
たこた
たこた　ごうだい
ﾀﾀﾔﾀ
�
E

ﾀ奈良　清吾
なら
なら　せいご
ﾁﾁ
^ﾁ
�C

ﾃ浦島　無我
うらしま
うらしま　むが
ﾂﾂ
ﾍﾂ
�
b

ﾆ軟野　翔太
なんの
なんの　しょうた
ﾃﾃ
qﾃ
�
!

ﾉ太古　弘晴
こうせい
たいこ　こうせい
ﾄﾄ
Sﾄ
�
�

ﾌ湯浅　洸
ゆあさ
ゆあさ　あきら
ﾅﾅ
ﾕﾅ
�
�

ﾐ岐阜　悠紀
ぎふ
ぎふ　ゆうき
ﾆﾆ
｣ﾆ
�%

ﾔ小椋　晋也
おぐら
おぐら　しんや
ﾇﾇ
^ﾇ
�
�

ﾗ雪舟　水墨
せっしゅう
せっしゅう　すいぼく
ﾈﾈ
Zﾈ
�
$

ﾚ小野　妹古
いもこ
おの　いもこ
ﾉﾉ�ﾉ
�c

ﾞ白菜　望彦
しらな
しらな　もちひこ
ﾊﾊｻﾊ
�
�

�加部　蒼甫
かべ
かべ　そうすけ
ﾋﾋ
ﾋ

�
�

�貫地谷　紀久
かんじや
かんじや　のりひさ
ﾌﾌ0ﾌ
�
%

�化野　実
あだしの
あだしの　みのる
ﾍﾍ
Yﾍ
�

�

�久米　龍吉
くめ
くめ　りゅうきち
ﾎﾎ
｣ﾎ

�
!

�徳島　渓
とくしま
とくしま　けい
ﾏﾏpﾏ
�

e

�陸山　望晴
むつやま
むつやま　もちはる
ﾐﾐ
kﾐ
�
E

�地辺　克希
ちべ
ちべ　かつき
ﾑﾑ
9ﾑ
�e

�鳴滝　晴彦
なるたき
なるたき　はるひこ
ﾒﾒ
Sﾒ

�
E

�山岡　洋
やまおか
やまおか　よう
ﾓﾓﾘﾓ
�A

	宮坂　了
みやさか
みやさか　りょう
ﾔﾔ
^ﾔ
�
B

	瓜生　飾
うりゅう
うりゅう　あきら
ﾕﾕ
Uﾕ
�
!

		愛媛　安春
えひめ
えひめ　やすはる
ﾖﾖ
�ﾖ
�d


	海音寺　勇一
ヨット
かいおんじ　ゆういち
ﾗﾗ1ﾗ
�
%

	米沢　義弘
よねざわ
よねざわ　よしひろ
ﾘﾘ
@ﾘ
�
%

	宝来　凪人
ほうらい
ほうらい　なぎと
ﾙﾙ
�ﾙ
�
$

	奥村　康文
おくむら
おくむら　やすふみ
ﾚﾚ
�ﾚ

�
�

	名島　税
なじま
なじま　ちから
ﾛﾛ
�ﾛ
�
�

	駅道　満
えきみち
えきみち　みつる
ﾜﾜ
hﾜ
��

"	風流　厘
ぷりん
ふうる　りん
ﾝﾝ
ﾜﾝ
�
E

%	雑道　旋
かずみち
かずみち　めぐる
ﾞﾞ
ﾆﾞ
�a

(	新谷　広司
あらや
あらや　こうじ
ﾟﾟ�ﾟ
�
�

,	煎野　正秋
せんの
せんの　まさあき
��ｷ�
�
$

/	彫木　右京
ほりき
ほりき　うきょう
��ｩ�
�
�

2	包木　宏明
ひろあき
ほうき　ひろあき
��
i�
�
"

6	宇那木　養
うなぎ
うなき　よう
��g�
�
c

:	清涼　瑞章
せいりょう
せいりょう　みずあき
��~�
�
�

=	小関　塁
こぜき
こぜき　るい
��
;�
��

@	関口　将一
せきぐち
せきぐち　まさかず
��
=�
�

�

D	榊原　努
さかきばら
さかきばら　つとむ
��
_�
�
D

G	札名　聡
ふだな
ふだな　さとし
��
4�
�

�

K	流山　宏行
りゅうこう
ながれやま　ひろゆき
��
P�
�

�

O	鳴海　伸行
なるみ
なるみ　のぶゆき
��
��

�
D

S	椋尾　亮介
むくお
むくお　りょうすけ
��
｡�

�
e

W	四川　才介
しせん
しせん　さいすけ
��ﾌ�
�

%

[	波村　豊
なみむら
なみむら　ゆたか
����
�
C

_	松原　浩介
まつばら
まつばら　こうすけ
��
ﾛ�

�#

b	栗林　明
くりばやし
くりばやし　あきら
��
��

�
E

e	小林　操
こばやし
こばやし　そう
��
ｲ�
�
%

i	草部　栄一
くさべ
くさべ　えいいち
��
ﾔ�
�

!

l	貨平　健
かひら
かひら　けん
��
ﾙ�
�%

p	花山　造　
はやなま
はなやま　いたる
��
��
�
�

s	筏柴　槙也
はつしば
はつしば　まきや
��
d�

�
#

w	刑部　楠生
おさかべ
おさかべ　くすお
����
�
�

{	寺本　豊
ゆたか
てらもと　ゆたか
��}�
�
�

	香堂　調
こうどう
こうどう　しらべ
��
��
�

"

�	手瑞　徹
てみず
てみず　とおる
��
R�
�
a

�	岩佐　洋介
いわさ
いわさ　ようすけ
��
y�
��

�	曹操　孟
そうそう
そうそう　たけし
��
ｫ�
�
B

�	訳嶋　英樹
やくしま
やくしま　ひでき
��{�
�

�

�	古式　博嗣
こしき
こしき　ひろし
��
t�
�%

�	重田　光臣
しげた
しげた　みつおみ
��
d�
��

�	軽井沢　啓
かるいざわ
かるいざわ　けい
��
N�
�

b

�	島根　神
しまね
しまね　じん
��
s�
�

E

�	草下　元樹
くさか
くさか　もとき



O

�

D

｢	鹿島　精児
かしま
かしま　せいじ

f
�

�

･	久士田　結人
くじた
くじた　ゆいと

�
�
c

ｩ	今田　波音
いまだ
いまだ　なみと

Z
�

$

ｭ	茶山　充裕
ちゃやま
ちゃやま　みつひろ
]
�C

ｱ	酒井　敏康
さかい
さかい　としやす

:
�
A

ｵ	山上　扶樹
やまがみ
やまがみ　もとき

f
�
b

ｸ	岩城　真一
いわき
いわき　しんいち

ﾋ

�#

ｼ	継田　要
ままだ
ままだ　よう

Q

�
a

ﾀ	井出　龍吉
いで
いで　りゅうきち
		
S	

�
a

ﾃ	日色　慎之介
ひいろ
ひいろ　しんのすけ


m

�
E

ﾆ	銀輪　純明
ぎんわ
ぎんわ　すみあき

R
�

b

ﾉ	宅間　頼太
たくま
たくま　らいた

�
A

ﾍ	七瀬　昭治
ななせ
ななせ　しょうじ



a


�c

ﾑ	南島　建
みなみしま
みなみしま　けん

>
�
b

ﾕ	熊本　幾太郎
くまもと
くまもと　いくたろう

_
�C

ﾘ	姿田　刻
きざむ
すがただ　きざむ
W
�
D

ﾛ	密島　隆介
みつしま
みつしま　りゅうすけ

k
�
%

ﾞ	鱈見　文太
たらみ
たらみ　ぶんた
ﾉ
��

�	松岡　晋也
まつおか
まつおか　しんや

P
�
�

�	井川　豊
いがわ
いがわ　ゆたか

A
�

�

�	筆田　隆
ふでた
ふでた　たかし

U
�
a

�	小出石　力丸
おでいし
おでいし　りきまる
�
��

�	豆葉　有起哉
まめは
まめは　ゆきや

|

�
E

�	岩沢　碧海
いわさわ
いわさわ　おうが

g
�
%

�	派田　裕司
はだ
はだ　ゆうじ

L

�
D

�	宇佐美　将也
うさみ
うさみ　まさや

U
�
A

�	国立　梅三郎
くにたち
くにだち　うめさぶろう

@
�

d


勝又　一輝
かつまた
かつまた　かずき

�

�
%


海崎　清美
うみさき
うみさき　きよみ

:
�

�


打崎　達士
うちざき
うちざき　たつひと

@
�
�


柘植　成樹
つげ
つげ　せいき
C
�
%


道力　鉄二
どうりき
どうりき　てつじ
  ~ 
�d


粧司　浩介
しょうじ
しょうじ　こうすけ
!!
ｯ!
�
%


茨城　渉
いばらき
いばらき　わたる
""
V"
�
�


北条　新九郎
ほうじょう
ほうじょう　しんくろう
##Q#
��


対崎　暇
ついざき
ついざき　いとま
$$
:$
�

e

 
大井川　剛
おおいがわ
おおいがわ　ごう
%%
�%
�
!

#
桑原　直巳
くわはら
くわはら　なおみ
&&
ﾅ&
�
A

&
段田　正義
だんだ
だんだ　まさよし
''
ﾖ'
�

$

)
街野　開矢
まちの
まちの　かいや
((
｣(
�
%

-
高柳　丈二
たかやなぎ
たかやなぎ　じょうじ
))ﾄ)
�
E

1
須賀原　巡
すがわら
すがわら　めぐる
**
ｨ*

�
D

5
釜戸　親生
かまど
かまど　ちかお
++E+
�
D

9
末武　安人
すえたけ
すえたけ　やすひと
,,
R,
�
e

<
片畑　尚
かたはた
かたはた　なお
--
�-
�C

@
緑川　定
みどりかわ
みどりかわ　さだか
..ﾔ.
�a

D
毘沙門　海里
びしゃもん
びしゃもん　かいり
//
4/
�$

H
王円　弾
おうえん
おうえん　だん
00�0
�
c

K
赤道　直元
せきどう
あかみち　なおもと
11
ﾜ1
�
�

O
北海　道伸
ほっかい
ほっかい　みちのぶ
22ﾉ2
�
!

S
観葉　植
かんよう
みは　なお
33
q3
�

�

V
江幡　葉
えばた
えばた　よう
44
W4
��

Z
暮連　勤
くれん
くれん　つとむ
55
h5
�e

^
鴉山　天
からす
からすやま　てん
66
�6

�
D

a
姫宮　雅美
ひめみや
ひめみや　まさみ
77
ﾍ7
�
B

e
衣留花　充昭
いるか
いるか　みつあき
88
w8
�
$

h
百舌　晶人
もず
もず　あきと
99
�9
�

�

l
生田　字郎
いくた
いくた　じろう
::
ﾗ:

�
�

o
栄田　養士
えいようし
さかえだ　ようじ
;;
l;
�
!

s
鋼鉄　城
こうてつ
こうてつ　じょう
<<
~<

�c

w
秋田　尚也
あきた
あきた　なおや
==Z=
�
�

z
井形　芳生
いがた
いがた　よしお
>>
ﾓ>
�e

}
藍染　郁次
あいぞめ
あいぞめ　ゆうじ
??
ﾔ?
�
!

�
手出　作郎
てづくり
てで　つくろう
@@ﾈ@
�

�

�
仲泉　遊
なかいずみ
なかいずみ　ゆう
AA
ﾛA
�

�

�
龍造　寺男
りゅうぞう
りゅうぞう　てらお
BB
.B
�
�

�
建森　解
たてもり
たてもり　かい
CCCC
�#

�
鶴田　時朗
つるた
つるた　ときお
DD
ﾀD
�
"

�
花村　広之
はなむら
はなむら　ひろゆき
EE
�E
�
b

�
山村　明
やまむら
やまむら　あきら
FF
RF
�a

�
織田　信央
おだ
おだ　のぶひろ
GG
ﾌG
�
a

�
赤鯛　誠史
あかだい
あかだい　まさふみ
HHﾛH
�
%

｢
灰島　啓二
はいじま
はいじま　けいじ
IIqI
�
E

ｦ
古屋　延
ふるや
ふるや　のべる
JJ
VJ
�
d

ｩ
海道　貞一
うみみち
うみみち　ていいち
KK
ﾔK

�!

ｬ
越間　巨樹
えつま
えつま　おおき
LL
｢L
�
$

ｰ
流衣　洗
るい
るい　あらう
MM
ｪM

�
d

ｳ
虹野　克
にじの
にじの　すぐる
NN
ﾔN

�
E

ｶ
犬原　雅之
いぬはら
いぬはら　まさゆき
OO
ﾖO

�
�

ｺ
縄手　万作
なわて
なわて　まんさく
PP
ﾗP
�B

ｾ
寺井　入道
てらい
てらい　にゅうどう
QQ
�Q
�

�

ﾂ
上坂　納
うえさか
うえさか　おさむ
RRｺR
�
�

ﾆ
和歌山　慶
わかやま
わかやま　けい
SS
ﾉS
�%

ﾊ
飛鳥　健
あすか
あすか　けん
TT
ｶT
�
A

ﾎ
栗山　澄太
くりやま
くりやま　すみた
UU
ﾕU
��

ﾑ
川蝉　育俊
カワセミ
かわせみ　いくとし
VV
EV
�
�

ﾔ
宇田川　光臣
うだがわ
うだがわ　みつおみ
WW
�W
�
d

ﾗ
壬生　大将
みぶ
みぶ　ひろまさ
XXｻX
�
%

ﾚ
茜　広明
あかね
あかね　ひろあき
YY
yY
�
e

ﾝ
啄木　才輔
きつつき
きつつき　さいすけ
ZZ
ｲZ
�

e

�
群馬　草彦
ぐんま
ぐんま　くさひこ
[[
�[

�
!

�
天井　遥
そらい
そらい　はるか
\\
C\
�
a

�
家永　章
いえなが
いえなが　あきら
]]
ﾔ]

�
A

�
山西　浩正
やまにし
やまにし　ひろまさ
^^
.^
�
d

�
流　周一
ながれ
ながれ　しゅういち
__ﾔ_
�
A

�
名鏡　拓夢
めいきょう
めいきょう　たくむ
``
ﾇ`
�
B

�
日隠　影樹
ひかげ
ひかげ　えいき
aa
{a

�

e

�
岡田　孝太郎
おかだ
おかだ　こうたろう
bb
｡b
�
e

�
小玉　信輔
こだま
こだま　しんすけ
cc･c
�
�

深道　秋生
ふかみち
ふかみち　あきみ
dd�d
�c

折野　創
おりの
おりの　つくる
ee
�e
�
B

水戸　邦光
みと
みと　くにみつ
ff
ｹf
�

�

猫田　歩
あゆむ
ねこた　あゆむ
gg
?g
�

B

南場　恋次
なんば
なんば　れんじ
hh�h
�
e

向野　征二
むかいの
むかいの　せいじ
ii
ｬi
�
D

浦田　聡
うらた
うらた　さとし
jj
9j

�
�

青出　伸吾
しんご
あおで　しんご
kk
ﾙk
�
!

工藤　駆
くどう
くどう　かける
llﾛl
�
A

"柿川　実
かきがわ
かきがわ　みのる
mm
m

�
E

&賀夢　健太郎
ガム
がむ　けんたろう
nn
un
�
E

*高原　竜也
たかはら
たかはら　たつや
oo
@o
�

!

.水仙　稔基
すいせん
すいせん　としき
pp
ﾈp
�
�

2新見　主税
にいみ
にいみ　ちから
qq
�q

�C

5合方　調
あいかた
あいかた　しらべ
rr
�r
�%

9守久　要
もりひさ
もりひさ　かなめ
ss
.s

�
A

<高城　貞人
たかぎ
たかぎ　さだひと
tt
�t
�

B

@大石　良雄
おおいし
おおいし　よしお
uucu
�c

C大凧　昇
おおだこ
おおだこ　のぼる
vv
Rv
�
!

F子鹿　森也
こじか
こじか　しんや
ww
ﾉw
�
�

J葵　健太
あおい
あおい　けんた
xx｡x
�

e

M寿　太郎
ことぶき
ことぶき　たろう
yy
ky
��

P浦片　佳彦
うらかた
うらかた　よしひこ
zz
ﾔz
�%

T稲子　芳信
いなご
いなご　よしのぶ
{{7{
�
e

X南瓜　敬作
かぼちゃ
なうり　けいさく
||
:|
�%

\橋口　慎之介
はしぐち
はしぐち　しんのすけ
}}
Q}
�
B

_海堂　脩平
かいどう
かいどう　しゅうへい
~~
ｭ~

�
c

c高沢　一樹
たかさわ
たかさわ　かずき

ﾍ
�
b

g岩田　剛基
いわた
いわた　よしき
��
=�
�

!

j院野　翔太
いんの
いんの　しょうた
��
:�
�
E

m坂下　雅功
さかした
さかした　まさとし
��
ｻ�
�
e

q玉月　瞬
たまつき
たまつき　しゅん
��
>�
�
$

t水上　渡
みずかみ
みずかみ　わたる
��
��
�

�

x五味　一樹
ごみ
ごみ　かずき
��
L�
�

$

|二瓶　晶
にへい
にへい　あきら
��
1�

�E

滝沢　敏也
たきざわ
たきざわ　としや
��
h�

�c

�清原　光良
てるよし
きよはら　てるよし
��
｣�

�
A

�針辻　大五郎
はりつじ
はりつじ　だいごろう
��
ﾛ�

�
#

�唐　拓郎
とう
とう　たくろう
��
E�
�
"

�砂川　碧海
すなかわ
すなかわ　おうが
��
ﾋ�
�
�

�品川　隆博
しながわ
しながわ　たかひろ
��5�
�
e

�沼口　司
ぬまぐち
ぬまぐち　つかさ
��
F�
�
�

�岡野　一輝
おかの
おかの　かずき
��ﾚ�
�

�

�孫吾　乱
ごくう
そんご　らん
��
7�
�
�

�山中　圭
やまなか
やまなか　けい
��
:�

�
!

｢布原　ヒロ
ぬのはら
ぬのはら　ひろ
��3�
�

%

･兵庫　陽明
ひょうご
ひょうご　はるあき
��
｡�

�
!

ｩ鉄野　洋平
ようへい
てつの　ようへい
��
e�
�

�

ｭ今川　義基
いまがわ
いまがわ　よしき
��
��

�
e

ｱ鉄山　啓作
てつやま
てつやま　けいさく
����
�
C

ｵ真野　有起哉
まの
まの　ゆきや
��~�
�
�

ｸ鯉真　精児
こいま
こいま　せいじ
��
K�

�
#

ｻ榎戸　敦
えのきど
えのきど　あつし
��}�
�
C

ｿ青森　潤
あおもり
あおもり　じゅん
��
ﾓ�
��

ﾂ川野　めだか
めだか
かわの　めだか
��
8�
�

�

ﾅ広瀬　芳正
ひろせ
ひろせ　よしまさ
��r�
�c

ﾈ定岡　堅
さだおか
さだおか　けん
��
D�
�
B

ﾋ大道　聡一
おおみち
おおみち　そういち
����
�
$

ﾏ野家　広貼
のいえ
のいえ　ひろはる
��G�
�

a

ﾓ大岡　善
おおおか
おおおか　ぜん
��H�
�
a

ﾗ振端　敦
ふるはた
ふるはた　あつし
��
2�

�

e

ﾛ岩淵　晃司
いわぶち
いわぶち　こうじ
｡｡
m｡
�

"

ﾞ大江戸　結
おおえど
おおえど　ゆう
｢｢
�｢
�
#

�荒川　浩正
あらかわ
あらかわ　ひろまさ
｣｣
E｣
�
�

�牛原　蒼甫
うしはら
うしはら　そうすけ
､､q､
�#

�梵天　哲士
ぼんてん
ぼんてん　てつし
･･
i･
�
a

�比嘉　大樹
ひが
ひが　ひろき
ｦｦ
jｦ
�$

�オフ　斎藤
さいとう
おふ　さいとう
ｧｧ
0ｧ

�
�

�ドン　リンゴ
ドン
どん　りんご
ｨｨ
jｨ
�!

�安川　慎之介
やすかわ
やすかわ　しんのすけ
ｩｩ
Gｩ
�
$

�新村　海洋
かいよう
にいむら　うみひろ
ｪｪﾎｪ
�

c

�堀口　将志
ほりぐち
ほりぐち　まさし
ｫｫ
ﾑｫ
�
�

英嶋　新士
ひでじま
ひでじま　しんし
ｬｬ
Hｬ

�
D

漁火　三省
いさりび
いさりび　さんせい
ｭｭ
Kｭ

�
"

錬山　術
ねりやま
ねりやま　やすし
ｮｮ
uｮ
�
E

天川　光博
あまかわ
あまかわ　みつひろ
ｯｯhｯ
�

�

桜井　広司
さくらい
さくらい　こうじ
ｰｰ�ｰ
�
e

岡山　太朗
おかやま
おかやま　たろう
ｱｱ
?ｱ
�E

三村　貴嶺
みむら
みむら　たかね
ｲｲ
sｲ
�E

小西　努
こにし
こにし　つとむ
ｳｳ
�ｳ

�

�

永井　照生
ながい
ながい　てるお
ｴｴ
�ｴ
�
A

!永田　修
ながた
ながた　おさむ
ｵｵﾏｵ
�
c

$亀井　慢太郎
かめい
かめい　まんたろう
ｶｶ
Tｶ
�
B

'羽縞　勇太
うじま
うじま　ゆうた
ｷｷ
jｷ
�
a

*計良　電
けいら
けいら　でん
ｸｸ
Eｸ

�

!

.小泉　涼
こいずみ
こいずみ　りょう
ｹｹmｹ
�
�

2発田　三郎
ほった
ほった　さぶろう
ｺｺ
ﾋｺ

�
%

5永島　寿明
としあき
ながしま　としあき
ｻｻGｻ
�
!

8酒田　達士
さかた
さかた　たつひと
ｼｼ
�ｼ
�

A

;吉永　陽介
よしなが
よしなが　ようすけ
ｽｽ
Eｽ
�%

>総細　建
そうざい
そうざい　けん
ｾｾmｾ
�
!

A小川　孝太郎
おがわ
おがわ　こうたろう
ｿｿ
�ｿ
�

�

E縄代　亮
りょう
なわしろ　りょう
ﾀﾀ5ﾀ
�
�

H三木　俊介
みき
みき　しゅんすけ
ﾁﾁ
ﾛﾁ
�
�

K玉田　康文
たまだ
たまだ　やすふみ
ﾂﾂeﾂ
�

a

N吉岡　瞬
よしおか
よしおか　しゅん
ﾃﾃ
Dﾃ

�

e

Q浜崎　克哉
はまさき
はまさき　かつや
ﾄﾄqﾄ
�
D

T市松　竜也
いちまつ
いちまつ　たつや
ﾅﾅ
hﾅ
�

B

W安斎　友也
ともや
あんざい　ともや
ﾆﾆ
｡ﾆ

�
d

Z石原　高史
いしはら
いしはら　たかし
ﾇﾇKﾇ
�
C

^大高　光洋
おおだか
おおだか　みつひろ
ﾈﾈ
rﾈ

�

�

b柱谷　守
はしらたに
はしらたに　まもる
ﾉﾉ:ﾉ
�
D

e高岡　憲史
たかおか
たかおか　のりひと
ﾊﾊ�ﾊ
��

h永野　幸平
ながの
ながの　こうへい
ﾋﾋ
Eﾋ
�
�

l冷粋　翔
しょう
れいすい　しょう
ﾌﾌ
�ﾌ
�
B

o墨道　達哉
すみみち
すみみち　たつや
ﾍﾍﾚﾍ
�
�

r根来　獅童
ねごろ
ねごろ　しどう
ﾎﾎ
}ﾎ
�
�

v越智　貞夫
さだお
おち　さだお
ﾏﾏ
2ﾏ

�C

y盤屋　三郎
ばんや
ばんや　さぶろう
ﾐﾐ3ﾐ
�

E

}堅山　真
かたやま
かたやま　しん
ﾑﾑGﾑ
�
%

�河田　健
かわた
かわた　けん
ﾒﾒHﾒ
�

!

�松下　祐基
まつした
まつした　ゆうき
ﾓﾓ
ﾒﾓ
�

b

�模寺　仁晶
モデラー
もでら　ひろあき
ﾔﾔ
~ﾔ
��

�伯林　独
ベルリン
たかしげ　ひとり
ﾕﾕ
｣ﾕ
�

!

�青野　穂高
あおの
あおの　ほたか
ﾖﾖRﾖ
�c

�花園　精児
はなぞの
はなぞの　せいじ
ﾗﾗ
hﾗ
�

�

�船田　光洋
ふなだ
ふなだ　みつひろ
ﾘﾘ
Fﾘ
�
e

�細田　啓介
ほそだ
ほそだ　けいすけ
ﾙﾙ
Lﾙ

�

d

�映内　正樹
ひでうち
ひでうち　まさき
ﾚﾚ
qﾚ
�

e

｣藤波　貴真
ふじなみ
ふじなみ　たかまさ
ﾛﾛ
jﾛ
�

"

ｦ花田　誠治
はなだ
はなだ　せいじ
ﾜﾜiﾜ
�

c

ｪ古賀　獅童
こが
こが　しどう
ﾝﾝTﾝ
�

a

ｭ埼玉　礼央
さいたま
さいたま　れお
ﾞﾞKﾞ
�

e

ｱ粉川　悦
こながわ
こながわ　のぶ
ﾟﾟﾎﾟ
�
e

ｵ原沢　耕司
はらさわ
はらさわ　こうじ
��
ﾏ�

�

C

ｸ千葉　朗人
ちば
ちば　ろうと
��
��

�
a

ｼ東京　明志
とうきょう
とうきょう　あかし
��H�
�
�

ﾀ臼田　隆太
うすだ
うすだ　りゅうた
��
u�
�
e

ﾄ桂　菊生
かつら
かつら　きくお
��
ﾑ�
�
E

ﾈ大場　充則
おおば
おおば　みつのり
��s�
�
C

ﾌ沖縄　清志
おきなわ
おきなわ　きよし
��
0�
�

E

ﾏ棒迫　満
ぼうさこ
ぼうさこ　みつる
��?�
�
#

ﾓ小池　暦
こいけ
こいけ　こよみ
��
��
�
%

ﾖ針羅　憲史
しんら
しんら　のりひと
��
2�
�e

ﾚ谷村　刀麻
たにむら
たにむら　とうま
��
g�
�

%

ﾜ小幡　竜也
おばた
おばた　たつや
��
h�

�

#

ﾟ極路　大作
きわみち
きわみち　だいさく
��｣�
�
A

�細径　塁
ほそみち
ほそみち　るい
��
ﾛ�

�
E

�宮地　弘也
みやち
みやち　ひろなり
��
ﾚ�
�
!

�伊東　真一
イトー
いとう　しんいち
��
~�
��

�美球　丈雄
みたま
みたま　たけお
��E�
�
D

�神奈川　航介
かながわ
かながわ　こうすけ
��
i�
�
�

�正目　光一
しょうめい
しょうめ　こういち
��
_�

�
�

�小平　暖
こひら
こひら　だん
��
j�
�

E

�ヒロシ　ドット
ヒロシ
ひろし　どっと
��u�
�

b

�小木　徹
おぎ
おぎ　とおる
��
3�
�
E


長山　赤彦
あかひこ
ながやま　あかひこ
��
j�

�

E


録田　寛治
ろくた
ろくた　かんじ
��
:�
�

%

	
声野　亮介
こえの
こえの　りょうすけ
��x�
�
�



五十嵐　明
いがらし
いがらし　あきら
��
H�

��


警固　鉄洋
けご
けご　てつひろ
��ﾊ�
�
�


吹石　光太郎
ふきいし
ふきいし　こうたろう
��
M�

�
�


大丹羽　魁士
おおにわ
おおにわ　かいし
��
8�
��


大阪　奈央彦
おおさか
おおさか　なおひこ
��
4�
�
�

!
梶原　朝夫
かじわら
かじわら　あさお
��
0�
�
�

%
柔　光良
やわら
やわら　てるよし
��
2�

�
C

)
京都　倭一
きょうと
きょうと　わいち



�

�
�

-
三重　泰輔
みえ
みえ　たいすけ
n
�c

1
吉野　大
よしの
よしの　まさる

i

�
d

5
横田　ケンイチ
よこた
よこた　けんいち
�
�
c

8
縦　演明
たて
たて　のぶあき

?

�
D

;
界戸　瞬
しゅん
かいと　しゅん

q
�

B

>
末久　朗
すえひさ
すえひさ　ろう

｣

�A

A
真爪　雅彦
まづめ
まづめ　まさひこ

K
�

b

E
筋原　俊二
すじはら
すじはら　しゅんじ

R

�#

I
神田　基祐
かんだ
かんだ　きすけ
		
?	
�

B

M
円輪　豊
まるわ
まるわ　ゆたか



r

��

P
森林　進
もりばやし
もりばやし　すすむ
�
�
!

T
若井　哲平
てっぺい
わかい　てっぺい

ﾓ
�
E

X
古文　次元
ふるふみ
ふるふみ　じげん



J

�

�

\
舞鶴　浩正
まいづる
まいづる　ひろまさ
2
�
!

`
橘　フミヤ
たちばな
たちばな　ふみや

{
�

�

c
若杉　洋
わかすぎ
わかすぎ　よう
�
�
�

f
塩田　道之介
しおた
しおた　みちのすけ

T

�

a

i
外山　大樹
そとやま
そとやま　ひろき
E
�

a

m
西谷　研二
にしや
にしや　けんじ

K

�

�

q
池州　宗彦
いけす
いけす　むねひこ

4
�

%

u
請川　渡志
うけがわ
うけがわ　わたし

H
�E

x
早津　愛輝
はやつ
はやつ　あいき

m
�D

{
角　努
すみ
すみ　つとむ
ﾑ
�C


中館　ヒロ
なかだて
なかだて　ひろ

ﾋ
�
�

�
今井　扶樹
いまい
いまい　もとき
R
��

�
塗谷　貞哉
ぬりたに
ぬりたに　さだや

5
�
a

�
大和田　隆太
おおわだ
おおわだ　りゅうた

0

�

A

�
幸原　一徳
いっとく
こうはら　いっとく
ﾏ
�
�

�
大崎　練
おおさき
おおさき　れん

h
�
$

�
騎藤　瞬士
きとう
きとう　しゅんじ

O

�
C

�
島袋　誠治
しまぶくろ
しまぶくろ　せいじ

8
�
%

�
松本　はやと
はやと
まつもと　はやと
  
F 
�%

�
夕霧　　爽也
ゆうぎり
ゆうぎり　そうや
!!
5!
�

B

｢
渡辺　映宏
わたなべ
わたなべ　あきひろ
""
z"

�c

･
赤羽　隼士
あかばね
あかばね　しゅんじ
##
J#
�
A

ｩ
乗松　響平
のりまつ
のりまつ　きょうへい
$$h$
�
%

ｬ
馬場　信輔
ばば
ばば　しんすけ
%%
｣%
�
D

ｰ
旅本　明宏
たびもと
たびもと　あきひろ
&&
J&

�
#

ｳ
加持　徹
かじ
かじ　とおる
''
{'
��

ｶ
上条　時生
ときお
かみじょう　ときお
((
l(
�
%

ｺ
門上　捻治
かどがみ
かどがみ　ねんじ
))
ﾍ)

�
�

ｽ
エイ　キング
エイ
えい　きんぐ
**C*
�
A

ﾀ
西原　裕次郎
にしはら
にしはら　ゆうじろう
++
ﾒ+
�
e

ﾄ
山道　大樹
やまみち
やまみち　ひろき
,,
�,

�
#

ﾈ
西部　鷹也　
せいぶ
にしべ　たかや
--
T-

�
C

ﾋ
鼻本　丈雄
はなもと
はなもと　たけお
..
z.
�

A

ﾎ
藤村　刃
ふじむら
ふじむら　やいば
//
M/
�

�

ﾑ
大林　たかお
おおばやし
おおばやし　たかお
00
ﾛ0
�a

ﾕ
板橋　真
いたばし
いたばし　しん
11H1
�
�

ﾘ
宇賀　士郎
うが
うが　しろう
22
o2
�E

ﾛ
沢村　瞬
さわむら
さわむら　しゅん
33
j3
�
�

ﾟ
八田　秀隆
やつだ
やつだ　ひでたか
44
34
�
E

�
氷山　有起哉
こおりやま
こおりやま　ゆきや
55
o5
�

�

�
森田　英雄
えいゆう
もりた　ひでひろ
66
i6

�
a

�
大将　拳
おおまさ
おおまさ　けん
77
q7

�
�

�
藤崎　三省
ふじさき
ふじさき　さんせい
88
r8
�B

�
帆市　輝明
スター
ほし　てるあき
99
99
�

a

�
号田　具流
ゴーグル
ごうだ　ぐる
::
::
�
�

�
勝喜　快翔
カイト
かっき　かいと
;;
;;
�
a

�
空野　ルイ
クール
そらの　るい
<<
<<
�
A

�
自亜　米佳
マイカ
じあ　まいか
==
==
�
a

車谷　曲男
くるるん
くるまたに　まげお
>>
>>
�A

阿後　大三
あごん
あご　だいさく
????
�
a

木田　悠翔
ユウト
きだ　ゆうと
@@
=@
�!

波　乗輔
なみのり
なみ　のりすけ
AAAA
�
A

駒込　豆太
こままめ
こまこみ　まめた
BB
BB
��

一之瀬　一哉
いちのせ
いちのせ　かずや
CC
)
C
�
`

土門　飛鳥
どもん
どもん　あすか
DD*
D
�
@

多摩野　五郎
たまごろう
たまの　ごろう
EE
+
E
�
@

角馬　圭太
けいた
かくま　けいた
FF
,
F
�
`

角馬　圭太
？？？？
かくま　けいた
GF
,
F
�
`

#サガミネーター
サガミネタ
サガミネーター
HH
.
H
�
�

'鬼道　有人
きどう
きどう　ゆうと
II


�
`

+闇野　カゲト
シャドウ
やみの　かげと
JJ
SJ
�
�

/安居　真司
やすい
やすい　しんじ
MM
�M
�

3碓井　次郎
うすい
うすい　じろう
NN
�N
�

4雷門　総一郎
らいもん
らいもん　そういちろう
OO
OO
ﾅ2

5影山　零治
かげやま
かげやま　れいじ
PP
PP
ﾆ2

6火来　伸蔵
ひらい
ひらい　しんぞう
QQ
QQ
ﾇ2

7鬼瓦　源五郎
おにがわら
おにがわら　げんごろう
RR
RR
ﾈ2

8円堂　大介
だいすけ
えんどう　だいすけ
SS
SS
ﾉ2

9影山　東吾
とうご
かげやま　とうご
TT
TT
ﾊ2

:鬼瓦　源五郎２
？？？？
おにがわら　げんごろう
UR
RR
ﾈ2

;音無　春奈２
？？？？
おとなし　はるな２
V


�


<豪炎寺　夕香
ゆうか
ごうえんじ　ゆうか
WW
WW
ｨ


=円堂　広志
ひろし
えんどう　ひろし
XX
XX
�)

>円堂　温子
あつこ
えんどう　あつこ
YY
YY
�'

?顔なし
？？？？
かおなし
ZZ
ZZ
�


@土門シルエ
？？？？
どもんしるえ
[[
[[
�

A冬海シルエ
？？？？
ふゆかいしるえ
\\
\\
�(

B壁山　サク
サク
かべやま　さく
]]
]]
�

C古株
ふるかぶ
ふるかぶ
^^
^^
�C

D影山シルエ
？？？？
かげやま　れいじ
__
PP
�2

E安西　勝
あんざい
あんざい　まさる
aa
aa
�(

F地木流　灰人
じきる
じきる　はいと
bb
bb
�#

G他山　幸助
たざん
たざん　こうすけ
cc
cc
�#

H富山　新一郎
とやま
とやま　しんいちろう
dd
dd
�D

I真二屋　才人
まにや
まにや　さいと
ee
ee
�

J伊賀島　仙一
いがじま
いがじま　せんいち
ff
ff
�H

K新野　亀吉
しんの
しんの　かめきち
gg
gg
�-

L二階堂　修吾
にかいどう
にかいどう　しゅうご
	hh
hh
�(

M木崎　里
きざき
きざき　さと
ii
ii
�&

N不良１
ひらおか
ふりょう１

�
�%

O不良２
たにまち
ふりょう２
��
��

�
%

R不良３
ふかえ
ふりょう３
��
ﾏ�

�

C

V不良４
ながせ
ふりょう４
����
�
e

Z黒服
くろふく
くろふく
����
?�

]黒服
くろふく
くろふく
��q�
?
C

a黒服
くろふく
くろふく
��n�
?c

e黒服
くろふく
くろふく
��p�
?$

i黒服
くろふく
くろふく
��ﾏ�
?
�

m黒服
くろふく
くろふく
����
?d

q黒服
くろふく
くろふく
��C�
?#

t黒服
くろふく
くろふく
��q�
?#

w黒服
くろふく
くろふく
��ｵ�
?$

{黒服
くろふく
くろふく
��ﾈ�
?
D

~黒服
くろふく
くろふく
����
?C

�黒服
くろふく
くろふく
��ﾑ�
?C

�雷門中生徒１
せいと１
せいと１
ﾝ
-ﾝ
�

�雷門中生徒２
せいと２
せいと２
ﾞ
-ﾞ
�

�雷門中生徒３
せいと３
せいと３
ﾟ
-ﾟ
�

�雷門中生徒４
せいと４
せいと４
�
/�
�

�雷門中生徒５
せいと５
せいと５
�
/�
�

�雷門中生徒６
せいと６
せいと６
�
/�
�

�雷門中生徒７
せいと７
せいと７
�
2�
�

�雷門中生徒８
せいと８
せいと８
�
2�
�

�雷門中生徒９
せいと９
せいと９
�
2�
�

�雷門中生徒１０
せいと１０
せいと１０
�
9�
�

�雷門中生徒１１
せいと１１
せいと１１
�
9�
�

�雷門中生徒１２
せいと１２
せいと１２
�
9�
�

�雷門中生徒１３
せいと１３
せいと１３
�
:�
�

�雷門中生徒１４
せいと１４
せいと１４
�
:�
�

�雷門中生徒１５
せいと１５
せいと１５
�
:�
�

�雷門中生徒１６
せいと１６
せいと１６
�
;�
�

�雷門中生徒１７
さおとめ
せいと１７
�ﾑ
;�
�

�雷門中生徒１８
せいと１８
せいと１８
�
;�
�

�雷門中生徒１９
せいと１９
せいと１９
�
=�
�

�雷門中生徒２０
せいと２０
せいと２０
�
=�
�

�雷門中生徒２１
せいと２１
せいと２１
�
=�
�

�雷門中生徒２２
せいと２２
せいと２２
�
G�
�

�雷門中生徒２３
せいと２３
せいと２３
�
G�
�

�雷門中生徒２４
せいと２４
せいと２４
�
G�
�

�雷門中生徒２５
せいと２５
せいと２５
�
H�
�

｡雷門中生徒２６
せいと２６
せいと２６
�
H�
�

｢雷門中生徒２７
せいと２７
せいと２７
�
H�
�

｣雷門中生徒２８
せいと２８
せいと２８
�
N�
�

､雷門中生徒２９
せいと２９
せいと２９
�
N�
�

･雷門中生徒３０
せいと３０
せいと３０
�
N�
�

ｦ雷門中生徒３１
せいと３１
せいと３１
�
Q�
�

ｧ雷門中生徒３２
せいと３２
せいと３２
�
Q�
�

ｨ雷門中生徒３３
せいと３３
せいと３３
�
Q�
�

ｩ雷門中生徒３４
せいと３４
せいと３４
�
R�
�

ｪ雷門中生徒３５
せいと３５
せいと３５
�
R�
�

ｫ雷門中生徒３６
せいと３６
せいと３６


R

�

ｬ雷門中生徒３７
あずま
せいと３７


T

�

ｭ雷門中生徒３８
せいと３８
せいと３８

T
�

ｮ雷門中生徒３９
せいと３９
せいと３９

T
�

ｯ雷門中生徒４０
せいと４０
せいと４０

U
�

ｰ雷門中生徒４１
ひだか
せいと４１

U
�

ｱ雷門中生徒４２
せいと４２
せいと４２

U
�

ｲ雷門中生徒４３
せいと４３
せいと４３

W
�

ｳ雷門中生徒４４
せいと４４
せいと４４

W
�

ｴ雷門中生徒４５
せいと４５
せいと４５
	
W	
�

ｵ雷門中生徒４６
せいと４６
せいと４６


Z

�

ｶ雷門中生徒４７
せいと４７
せいと４７

Z
�

ｷ雷門中生徒４８
せいと４８
せいと４８

Z
�

ｸ雷門中生徒４９
せいと４９
せいと４９


`

�

ｹ雷門中生徒５０
せいと５０
せいと５０

`
�

ｺ雷門中生徒５１
せいと５１
せいと５１

`
�

ｻ雷門中生徒５２
せいと５２
せいと５２

f
�

ｼ雷門中生徒５３
せいと５３
せいと５３

f
�

ｽ雷門中生徒５４
せいと５４
せいと５４

f
�

ｾ今野　新
こんの
こんの　あらた
G
{G
�

ｿ雷門中生徒５６
せいと５６
せいと５６

g
�

ﾀ雷門中生徒５７
せいと５７
せいと５７

d
�

ﾁ雷門中生徒５８
せいと５８
せいと５８

m
�

ﾂ雷門中生徒５９
せいと５９
せいと５９

m
�

ﾃ雷門中生徒６０
せいと６０
せいと６０

m
�

ﾄ雷門中生徒女１
せいお１
せいお１

Y
�


ﾅ雷門中生徒女２
せいお２
せいお２

Y
�


ﾆ雷門中生徒女３
せいお３
せいお３

Y
�


ﾇ雷門中生徒女４
せいお４
せいお４

Z
�


ﾈ雷門中生徒女５
せいお５
せいお５

Z
�


ﾉ雷門中生徒女６
せいお６
せいお６

Z
�


ﾊ雷門中生徒女７
せいお７
せいお７

[
�


ﾋ雷門中生徒女８
せいお８
せいお８
 
[ 
�


ﾌ雷門中生徒女９
せいお９
せいお９
!
[!
�


ﾍ雷門中生徒女１
かつらぎ
せいお１０
"ﾜ
\"
�


ﾎ雷門中生徒女１
せいお１１
せいお１１
#
\#
�


ﾏ雷門中生徒女１
せいお１２
せいお１２
$
\$
�


ﾐ雷門中生徒女１
せいお１３
せいお１３
%
]%
�


ﾑ雷門中生徒女１
せいお１４
せいお１４
&
]&
�


ﾒ雷門中生徒女１
せいお１５
せいお１５
'
]'
�


ﾓ雷門中生徒女１
せいお１６
せいお１６
(
^(
�


ﾔ雷門中生徒女１
せいお１７
せいお１７
)
^)
�


ﾕ雷門中生徒女１
せいお１８
せいお１８
*
^*
�


ﾖ雷門中生徒女１
おおたに
せいお１９
+ﾛ
_+
�


ﾗ雷門中生徒女２
せいお２０
せいお２０
,
_,
�


ﾘ雷門中生徒女２
せいお２１
せいお２１
-
_-
�


ﾙ雷門中生徒女２
せいお２２
せいお２２
.
`.
�


ﾚ雷門中生徒女２
せいお２３
せいお２３
/
`/
�


ﾛ雷門中生徒女２
せいお２４
せいお２４
0
`0
�


ﾜ雷門中生徒女２
せいお２５
せいお２５
1
a1
�


ﾝ雷門中生徒女２
せいお２６
せいお２６
2
a2
�


ﾞ雷門中生徒女２
せいお２７
せいお２７
3
a3
�


ﾟ雷門中生徒女２
せいお２８
せいお２８
4
b4
�


�雷門中生徒女２
せいお２９
せいお２９
5
b5
�


�雷門中生徒女３
せいお３０
せいお３０
6
b6
�


�雷門中教師１
きょうし１
きょうし１
A
AA
ｹ#

�雷門中教師２
きょうし２
きょうし２
B
AB
ｺ#

�雷門中教師３
おこのぎ
きょうし３
C�
AC
ｼ#

�雷門中教師４
きょうし４
きょうし４
D
uD
ｹ#

�雷門中教師５
きょうし５
きょうし５
E
uE
ｺ#

�雷門中教師６
きょうし６
きょうし６
F
uF
ｻ#

�雷門中教師７
きょうし７
きょうし７
G
GG
ｹ#

�雷門中教師８
きょうし８
きょうし８
H
GH
ｺ#

�雷門中教師９
きょうし９
きょうし９
I
GI
ｻ#

�雷門中教師女１
しらとり
きょうお１
U�
\U
\


�雷門中教師女２
きょうお２
きょうお２
V
\V
Z


�雷門中教師女３
きょうお３
きょうお３
W
\W
[


�雷門中教師女４
きょうお４
きょうお４
X
^X
Y


�雷門中教師女５
きょうお５
きょうお５
Y
^Y
Z


�雷門中教師女６
きょうお６
きょうお６
Z
^Z
[


�雷門中教師女７
きょうお７
きょうお７
[
b[
Y


�雷門中教師女８
きょうお８
きょうお８
\
b\
Z


�雷門中教師女９
きょうお９
きょうお９
]
b]
[


�ねこ
ねこ
ねこ
i
ｽi
�

�にわとり
にわとり
にわとり
j
ｿj
�

�いぬ
いぬ
いぬ
k
ｾk
�

�うさぎ
うさぎ
うさぎ
l
ﾀl
�

�ふつう男０１
おとこ０１
おとこ０１
s
8�
A

�ふつう男０２
おとこ０１
おとこ０１
t
8�
B

�ふつう男０３
おとこ０１
おとこ０１
u
8
C

�ふつう男０４
おとこ０１
おとこ０１
v
<v
D

�ふつう男０５
おとこ０１
おとこ０１
w
<~
A

�ふつう男０６
おとこ０１
おとこ０１
x
<ﾖ
B

�ふつう男０７
おとこ０１
おとこ０１
y
L
C

�ふつう男０８
おとこ０１
おとこ０１
z
L�
D

ふつう男０９
おとこ０１
おとこ０１
{
L�
A

ふつう男１０
おとこ０１
おとこ０１
|
_.
B

ふつう男１１
おとこ０１
おとこ０１
}
_N
C

ふつう男１２
おとこ０１
おとこ０１
~
_
D

ふつう女０１
おんな０１
おんな０１
�
Z
E


ふつう女０２
おんな０２
おんな０２
�
Z
F


ふつう女０３
おんな０３
おんな０３
�
Z
G


ふつう女０４
おんな０４
おんな０４
�
]%
H


ふつう女０５
おんな０５
おんな０５
�
]&
E


	ふつう女０６
おんな０６
おんな０６
�
]'
F



ふつう女０７
おんな０７
おんな０７
�
`.
G


ふつう女０８
おんな０８
おんな０８
�
`/
H


ふつう女０９
おんな０９
おんな０９
�
`0
E



ふつう女１０
おんな１０
おんな１０
�
a1
F


ふつう女１１
おんな１１
おんな１１
�
a2
G


ふつう女１２
おんな１２
おんな１２
�
a3
H


じいさん１
じい１
じい１
�
ﾑ�
�A

じいさん２
じい２
じい２
�
ﾑ�
�A

じいさん３
じい３
じい３
�
ﾑ�
�A

じいさん４
じい４
じい４
�
ﾑ�
�A

じいさん５
じい５
じい５
�
ﾑ�
�A

じいさん６
じい６
じい６
�
ﾑ�
�A

ばあさん１
ばあ１
ばあ１
･
ﾖ･
�<

ばあさん２
ばあ２
ばあ２
ｦ
ﾖｦ
�<

ばあさん３
ばあ３
ばあ３
ｧ
ﾖｧ
�<

ばあさん４
おヨネ
ばあ４
ｨ�
ﾖｨ
�<

ばあさん５
ばあ５
ばあ５
ｩ
ﾖｩ
�<

ばあさん６
ばあ６
ばあ６
ｪ
ﾖｪ
�<

男の子１
おとここ１
おとここ１
ｯ
ﾛｯ
�

男の子２
おとここ２
おとここ２
ｰ
ﾛｰ
�

男の子３
おとここ３
おとここ３
ｱ
ﾛｱ
�

男の子４
おとここ４
おとここ４
ｲ
ﾛｲ
�

 男の子５
おとここ５
おとここ５
ｳ
ﾛｳ
�

!男の子６
そらた
おとここ６
ｴ�
ﾛｴ
�

"女の子１
ゆき
おんなこ１
ｹ�
�ｹ
�

#女の子２
おんなこ２
おんなこ２
ｺ
�ｺ
�

$女の子３
おんなこ３
おんなこ３
ｻ
�ｻ
�

%女の子４
おんなこ４
おんなこ４
ｼ
�ｼ
�

&女の子５
おんなこ５
おんなこ５
ｽ
�ｽ
�

'女の子６
おんなこ６
おんなこ６
ｾ
�ｾ
�

(店員１
しょっぷ１
しょっぷ１
ﾃ
U
3

)店員２
しょっぷ２
しょっぷ２
ﾄ
U
4

*店員３
てんちょう
しょっぷ３
ﾅ�
`

5

+店員４
しょっぷ４
しょっぷ４
ﾆ
`
4

,メイド１
メイド
めいど１
ﾈ�
_+
-


-メイド２
めいど２
めいど２
ﾉ
[
-


.メイド３
めいど３
めいど３
ﾊ
[ 
-


/医師１
いし１
いし１
ﾍ
AA
/-

0医師２
いし２
いし２
ﾎ
AB
/-

1看護師１
かんごし１
かんごし１
ﾒ
c7
1


2看護師２
かんごし２
かんごし２
ﾓ
c8
1


3看護師３
かんごし３
かんごし３
ﾔ
c9
1


4駅員１
えき１
えき１
ﾗ
ﾂﾗ
�-

5駅員未使用
えき２
えき２
ﾘ
ﾂﾘ
�-

6警察官１
けいさつ
けいさつ１
ﾙ
ﾃﾙ
�

7警察官
けいさつ
けいさつ２
ﾚ�
ﾃﾚ
�

8イナビカリ係員
いなび１
いなび１
ﾛ
ﾄﾛ
�

9夏未部下
なつみぶか
なつみぶか
ﾜ
ﾄﾜ
�

:ゼウス係員１
ぜうす１
ぜうす１

ﾝ
ﾅﾝ
�

;ゼウス黒服
ぜうすくろ
ぜうすくろ

ﾞ
ﾅﾞ
�

<帝国一般１
ていこく１
ていこく１
�
ｯ�
ｯ

=帝国一般２
ていこく２
ていこく２
�
ﾈO
ｯ

>帝国一般３
ていこく３
ていこく３
�
ﾔ�
ｯ

?野生一般１
やせい１
やせい１
�
ﾛ
ｱ

@野生一般２
やせい２
やせい２
�
･ 
ｱ

A野生一般３
やせい３
やせい３
�
��
ｱ

B山下
やました
やました
ﾑﾑ
ﾑﾑ
�

C古田
ふるた
ふるた
ﾒﾒ
ﾒﾒ
�

Dマップ用キラキ
きらきら１
きらきら１
ﾓ
ﾓﾓ
�

Eマップ用キラキ
きらきら２
きらきら２

#Dummies
ダミー,ダミー,ダミー,Dummy,Dummy,,,,,,,,,,,,
ダミー,ダミー,ダミー,Dummy,Dummy,,,,,,,,,,,,
ダミー,ダミー,ダミー,Dummy,Dummy,,,,,,,,,,,,
ダミー,ダミー,ダミー,Dummy,Dummy,,,,,,,,,,,,
ダミー,ダミー,ダミー,Dummy,Dummy,,,,,,,,,,,,
ダミー,ダミー,ダミー,Dummy,Dummy,,,,,,,,,,,,
ダミー,ダミー,ダミー,Dummy,Dummy,,,,,,,,,,,,
ダミー,ダミー,ダミー,Dummy,Dummy,,,,,,,,,,,,
ダミー,ダミー,ダミー,Dummy,Dummy,,,,,,,,,,,,
ダミー,ダミー,ダミー,Dummy,Dummy,,,,,,,,,,,,
ダミー,ダミー,ダミー,Dummy,Dummy,,,,,,,,,,,,
ダミー,ダミー,ダミー,Dummy,Dummy,,,,,,,,,,,,
ダミー,ダミー,ダミー,Dummy,Dummy,,,,,,,,,,,,
ダミー,ダミー,ダミー,Dummy,Dummy,,,,,,,,,,,,
ダミー,ダミー,ダミー,Dummy,Dummy,,,,,,,,,,,,
ダミー,ダミー,ダミー,Dummy,Dummy,,,,,,,,,,,,
ダミー,ダミー,ダミー,Dummy,Dummy,,,,,,,,,,,,
ダミー,ダミー,ダミー,Dummy,Dummy,,,,,,,,,,,,
ダミー,ダミー,ダミー,Dummy,Dummy,,,,,,,,,,,,
ダミー,ダミー,ダミー,Dummy,Dummy,,,,,,,,,,,,
ダミー,ダミー,ダミー,Dummy,Dummy,,,,,,,,,,,,
ダミー,ダミー,ダミー,Dummy,Dummy,,,,,,,,,,,,
ダミー,ダミー,ダミー,Dummy,Dummy,,,,,,,,,,,,
ダミー,ダミー,ダミー,Dummy,Dummy,,,,,,,,,,,,
ダミー,ダミー,ダミー,Dummy,Dummy,,,,,,,,,,,,
ダミー,ダミー,ダミー,Dummy,Dummy,,,,,,,,,,,,
ダミー,ダミー,ダミー,Dummy,Dummy,,,,,,,,,,,,
ダミー,ダミー,ダミー,Dummy,Dummy,,,,,,,,,,,,
ダミー,ダミー,ダミー,Dummy,Dummy,,,,,,,,,,,,
ダミー,ダミー,ダミー,Dummy,Dummy,,,,,,,,,,,,
ダミー,ダミー,ダミー,Dummy,Dummy,,,,,,,,,,,,
ダミー,ダミー,ダミー,Dummy,Dummy,,,,,,,,,,,,
ダミー,ダミー,ダミー,Dummy,Dummy,,,,,,,,,,,,
ダミー,ダミー,ダミー,Dummy,Dummy,,,,,,,,,,,,
ダミー,ダミー,ダミー,Dummy,Dummy,,,,,,,,,,,,
ダミー,ダミー,ダミー,Dummy,Dummy,,,,,,,,,,,,
ダミー,ダミー,ダミー,Dummy,Dummy,,,,,,,,,,,,
ダミー,ダミー,ダミー,Dummy,Dummy,,,,,,,,,,,,
ダミー,ダミー,ダミー,Dummy,Dummy,,,,,,,,,,,,
ダミー,ダミー,ダミー,Dummy,Dummy,,,,,,,,,,,,
ダミー,ダミー,ダミー,Dummy,Dummy,,,,,,,,,,,,
ダミー,ダミー,ダミー,Dummy,Dummy,,,,,,,,,,,,
ダミー,ダミー,ダミー,Dummy,Dummy,,,,,,,,,,,,
ダミー,ダミー,ダミー,Dummy,Dummy,,,,,,,,,,,,
ダミー,ダミー,ダミー,Dummy,Dummy,,,,,,,,,,,,
ダミー,ダミー,ダミー,Dummy,Dummy,,,,,,,,,,,,
ダミー,ダミー,ダミー,Dummy,Dummy,,,,,,,,,,,,
ダミー,ダミー,ダミー,Dummy,Dummy,,,,,,,,,,,,
ダミー,ダミー,ダミー,Dummy,Dummy,,,,,,,,,,,,
ダミー,ダミー,ダミー,Dummy,Dummy,,,,,,,,,,,,
ダミー,ダミー,ダミー,Dummy,Dummy,,,,,,,,,,,,
ダミー,ダミー,ダミー,Dummy,Dummy,,,,,,,,,,,,
ダミー,ダミー,ダミー,Dummy,Dummy,,,,,,,,,,,,
ダミー,ダミー,ダミー,Dummy,Dummy,,,,,,,,,,,,
ダミー,ダミー,ダミー,Dummy,Dummy,,,,,,,,,,,,
ダミー,ダミー,ダミー,Dummy,Dummy,,,,,,,,,,,,
ダミー,ダミー,ダミー,Dummy,Dummy,,,,,,,,,,,,
ダミー,ダミー,ダミー,Dummy,Dummy,,,,,,,,,,,,
ダミー,ダミー,ダミー,Dummy,Dummy,,,,,,,,,,,,
ダミー,ダミー,ダミー,Dummy,Dummy,,,,,,,,,,,,
ダミー,ダミー,ダミー,Dummy,Dummy,,,,,,,,,,,,
ダミー,ダミー,ダミー,Dummy,Dummy,,,,,,,,,,,,
ダミー,ダミー,ダミー,Dummy,Dummy,,,,,,,,,,,,
ダミー,ダミー,ダミー,Dummy,Dummy,,,,,,,,,,,,
ダミー,ダミー,ダミー,Dummy,Dummy,,,,,,,,,,,,
ダミー,ダミー,ダミー,Dummy,Dummy,,,,,,,,,,,,
ダミー,ダミー,ダミー,Dummy,Dummy,,,,,,,,,,,,
ダミー,ダミー,ダミー,Dummy,Dummy,,,,,,,,,,,,
ダミー,ダミー,ダミー,Dummy,Dummy,,,,,,,,,,,,
ダミー,ダミー,ダミー,Dummy,Dummy,,,,,,,,,,,,
ダミー,ダミー,ダミー,Dummy,Dummy,,,,,,,,,,,,
ダミー,ダミー,ダミー,Dummy,Dummy,,,,,,,,,,,,
ダミー,ダミー,ダミー,Dummy,Dummy,,,,,,,,,,,,
ダミー,ダミー,ダミー,Dummy,Dummy,,,,,,,,,,,,
ダミー,ダミー,ダミー,Dummy,Dummy,,,,,,,,,,,,
ダミー,ダミー,ダミー,Dummy,Dummy,,,,,,,,,,,,
ダミー,ダミー,ダミー,Dummy,Dummy,,,,,,,,,,,,
ダミー,ダミー,ダミー,Dummy,Dummy,,,,,,,,,,,,
ダミー,ダミー,ダミー,Dummy,Dummy,,,,,,,,,,,,
ダミー,ダミー,ダミー,Dummy,Dummy,,,,,,,,,,,,
ダミー,ダミー,ダミー,Dummy,Dummy,,,,,,,,,,,,
ダミー,ダミー,ダミー,Dummy,Dummy,,,,,,,,,,,,
ダミー,ダミー,ダミー,Dummy,Dummy,,,,,,,,,,,,
ダミー,ダミー,ダミー,Dummy,Dummy,,,,,,,,,,,,
ダミー,ダミー,ダミー,Dummy,Dummy,,,,,,,,,,,,
ダミー,ダミー,ダミー,Dummy,Dummy,,,,,,,,,,,,
ダミー,ダミー,ダミー,Dummy,Dummy,,,,,,,,,,,,
ダミー,ダミー,ダミー,Dummy,Dummy,,,,,,,,,,,,
ダミー,ダミー,ダミー,Dummy,Dummy,,,,,,,,,,,,
ダミー,ダミー,ダミー,Dummy,Dummy,,,,,,,,,,,,
ダミー,ダミー,ダミー,Dummy,Dummy,,,,,,,,,,,,
ダミー,ダミー,ダミー,Dummy,Dummy,,,,,,,,,,,,
ダミー,ダミー,ダミー,Dummy,Dummy,,,,,,,,,,,,
ダミー,ダミー,ダミー,Dummy,Dummy,,,,,,,,,,,,
ダミー,ダミー,ダミー,Dummy,Dummy,,,,,,,,,,,,
ダミー,ダミー,ダミー,Dummy,Dummy,,,,,,,,,,,,
ダミー,ダミー,ダミー,Dummy,Dummy,,,,,,,,,,,,
ダミー,ダミー,ダミー,Dummy,Dummy,,,,,,,,,,,,
ダミー,ダミー,ダミー,Dummy,Dummy,,,,,,,,,,,,
ダミー,ダミー,ダミー,Dummy,Dummy,,,,,,,,,,,,
ダミー,ダミー,ダミー,Dummy,Dummy,,,,,,,,,,,,
ダミー,ダミー,ダミー,Dummy,Dummy,,,,,,,,,,,,
ダミー,ダミー,ダミー,Dummy,Dummy,,,,,,,,,,,,
ダミー,ダミー,ダミー,Dummy,Dummy,,,,,,,,,,,,
ダミー,ダミー,ダミー,Dummy,Dummy,,,,,,,,,,,,
ダミー,ダミー,ダミー,Dummy,Dummy,,,,,,,,,,,,
ダミー,ダミー,ダミー,Dummy,Dummy,,,,,,,,,,,,
ダミー,ダミー,ダミー,Dummy,Dummy,,,,,,,,,,,,
ダミー,ダミー,ダミー,Dummy,Dummy,,,,,,,,,,,,
ダミー,ダミー,ダミー,Dummy,Dummy,,,,,,,,,,,,
ダミー,ダミー,ダミー,Dummy,Dummy,,,,,,,,,,,,
ダミー,ダミー,ダミー,Dummy,Dummy,,,,,,,,,,,,
ダミー,ダミー,ダミー,Dummy,Dummy,,,,,,,,,,,,
ダミー,ダミー,ダミー,Dummy,Dummy,,,,,,,,,,,,
ダミー,ダミー,ダミー,Dummy,Dummy,,,,,,,,,,,,
ダミー,ダミー,ダミー,Dummy,Dummy,,,,,,,,,,,,
ダミー,ダミー,ダミー,Dummy,Dummy,,,,,,,,,,,,
ダミー,ダミー,ダミー,Dummy,Dummy,,,,,,,,,,,,
ダミー,ダミー,ダミー,Dummy,Dummy,,,,,,,,,,,,
ダミー,ダミー,ダミー,Dummy,Dummy,,,,,,,,,,,,
ダミー,ダミー,ダミー,Dummy,Dummy,,,,,,,,,,,,
ダミー,ダミー,ダミー,Dummy,Dummy,,,,,,,,,,,,
ダミー,ダミー,ダミー,Dummy,Dummy,,,,,,,,,,,,
ダミー,ダミー,ダミー,Dummy,Dummy,,,,,,,,,,,,
ダミー,ダミー,ダミー,Dummy,Dummy,,,,,,,,,,,,
ダミー,ダミー,ダミー,Dummy,Dummy,,,,,,,,,,,,
ダミー,ダミー,ダミー,Dummy,Dummy,,,,,,,,,,,,
ダミー,ダミー,ダミー,Dummy,Dummy,,,,,,,,,,,,
ダミー,ダミー,ダミー,Dummy,Dummy,,,,,,,,,,,,
ダミー,ダミー,ダミー,Dummy,Dummy,,,,,,,,,,,,
ダミー,ダミー,ダミー,Dummy,Dummy,,,,,,,,,,,,
ダミー,ダミー,ダミー,Dummy,Dummy,,,,,,,,,,,,
ダミー,ダミー,ダミー,Dummy,Dummy,,,,,,,,,,,,
ダミー,ダミー,ダミー,Dummy,Dummy,,,,,,,,,,,,
ダミー,ダミー,ダミー,Dummy,Dummy,,,,,,,,,,,,
ダミー,ダミー,ダミー,Dummy,Dummy,,,,,,,,,,,,
ダミー,ダミー,ダミー,Dummy,Dummy,,,,,,,,,,,,
ダミー,ダミー,ダミー,Dummy,Dummy,,,,,,,,,,,,
ダミー,ダミー,ダミー,Dummy,Dummy,,,,,,,,,,,,
ダミー,ダミー,ダミー,Dummy,Dummy,,,,,,,,,,,,
ダミー,ダミー,ダミー,Dummy,Dummy,,,,,,,,,,,,
ダミー,ダミー,ダミー,Dummy,Dummy,,,,,,,,,,,,
ダミー,ダミー,ダミー,Dummy,Dummy,,,,,,,,,,,,
ダミー,ダミー,ダミー,Dummy,Dummy,,,,,,,,,,,,
ダミー,ダミー,ダミー,Dummy,Dummy,,,,,,,,,,,,
ダミー,ダミー,ダミー,Dummy,Dummy,,,,,,,,,,,,
ダミー,ダミー,ダミー,Dummy,Dummy,,,,,,,,,,,,
ダミー,ダミー,ダミー,Dummy,Dummy,,,,,,,,,,,,
ダミー,ダミー,ダミー,Dummy,Dummy,,,,,,,,,,,,
ダミー,ダミー,ダミー,Dummy,Dummy,,,,,,,,,,,,
ダミー,ダミー,ダミー,Dummy,Dummy,,,,,,,,,,,,
ダミー,ダミー,ダミー,Dummy,Dummy,,,,,,,,,,,,
ダミー,ダミー,ダミー,Dummy,Dummy,,,,,,,,,,,,
ダミー,ダミー,ダミー,Dummy,Dummy,,,,,,,,,,,,
ダミー,ダミー,ダミー,Dummy,Dummy,,,,,,,,,,,,
ダミー,ダミー,ダミー,Dummy,Dummy,,,,,,,,,,,,
ダミー,ダミー,ダミー,Dummy,Dummy,,,,,,,,,,,,
ダミー,ダミー,ダミー,Dummy,Dummy,,,,,,,,,,,,
ダミー,ダミー,ダミー,Dummy,Dummy,,,,,,,,,,,,
ダミー,ダミー,ダミー,Dummy,Dummy,,,,,,,,,,,,
ダミー,ダミー,ダミー,Dummy,Dummy,,,,,,,,,,,,
ダミー,ダミー,ダミー,Dummy,Dummy,,,,,,,,,,,,
ダミー,ダミー,ダミー,Dummy,Dummy,,,,,,,,,,,,
ダミー,ダミー,ダミー,Dummy,Dummy,,,,,,,,,,,,
ダミー,ダミー,ダミー,Dummy,Dummy,,,,,,,,,,,,
ダミー,ダミー,ダミー,Dummy,Dummy,,,,,,,,,,,,
ダミー,ダミー,ダミー,Dummy,Dummy,,,,,,,,,,,,
ダミー,ダミー,ダミー,Dummy,Dummy,,,,,,,,,,,,
ダミー,ダミー,ダミー,Dummy,Dummy,,,,,,,,,,,,
ダミー,ダミー,ダミー,Dummy,Dummy,,,,,,,,,,,,
ダミー,ダミー,ダミー,Dummy,Dummy,,,,,,,,,,,,
ダミー,ダミー,ダミー,Dummy,Dummy,,,,,,,,,,,,
ダミー,ダミー,ダミー,Dummy,Dummy,,,,,,,,,,,,
ダミー,ダミー,ダミー,Dummy,Dummy,,,,,,,,,,,,
ダミー,ダミー,ダミー,Dummy,Dummy,,,,,,,,,,,,
ダミー,ダミー,ダミー,Dummy,Dummy,,,,,,,,,,,,
ダミー,ダミー,ダミー,Dummy,Dummy,,,,,,,,,,,,
ダミー,ダミー,ダミー,Dummy,Dummy,,,,,,,,,,,,
ダミー,ダミー,ダミー,Dummy,Dummy,,,,,,,,,,,,
ダミー,ダミー,ダミー,Dummy,Dummy,,,,,,,,,,,,
ダミー,ダミー,ダミー,Dummy,Dummy,,,,,,,,,,,,
ダミー,ダミー,ダミー,Dummy,Dummy,,,,,,,,,,,,
ダミー,ダミー,ダミー,Dummy,Dummy,,,,,,,,,,,,
ダミー,ダミー,ダミー,Dummy,Dummy,,,,,,,,,,,,
ダミー,ダミー,ダミー,Dummy,Dummy,,,,,,,,,,,,
ダミー,ダミー,ダミー,Dummy,Dummy,,,,,,,,,,,,
ダミー,ダミー,ダミー,Dummy,Dummy,,,,,,,,,,,,
ダミー,ダミー,ダミー,Dummy,Dummy,,,,,,,,,,,,
ダミー,ダミー,ダミー,Dummy,Dummy,,,,,,,,,,,,
ダミー,ダミー,ダミー,Dummy,Dummy,,,,,,,,,,,,
ダミー,ダミー,ダミー,Dummy,Dummy,,,,,,,,,,,,
ダミー,ダミー,ダミー,Dummy,Dummy,,,,,,,,,,,,
ダミー,ダミー,ダミー,Dummy,Dummy,,,,,,,,,,,,
ダミー,ダミー,ダミー,Dummy,Dummy,,,,,,,,,,,,
ダミー,ダミー,ダミー,Dummy,Dummy,,,,,,,,,,,,	
ダミー,ダミー,ダミー,Dummy,Dummy,,,,,,,,,,,,
ダミー,ダミー,ダミー,Dummy,Dummy,,,,,,,,,,,,
ダミー,ダミー,ダミー,Dummy,Dummy,,,,,,,,,,,,
ダミー,ダミー,ダミー,Dummy,Dummy,,,,,,,,,,,,
ダミー,ダミー,ダミー,Dummy,Dummy,,,,,,,,,,,,
ダミー,ダミー,ダミー,Dummy,Dummy,,,,,,,,,,,,
ダミー,ダミー,ダミー,Dummy,Dummy,,,,,,,,,,,,
ダミー,ダミー,ダミー,Dummy,Dummy,,,,,,,,,,,,
ダミー,ダミー,ダミー,Dummy,Dummy,,,,,,,,,,,,
ダミー,ダミー,ダミー,Dummy,Dummy,,,,,,,,,,,,
ダミー,ダミー,ダミー,Dummy,Dummy,,,,,,,,,,,,
ダミー,ダミー,ダミー,Dummy,Dummy,,,,,,,,,,,,
ダミー,ダミー,ダミー,Dummy,Dummy,,,,,,,,,,,,
ダミー,ダミー,ダミー,Dummy,Dummy,,,,,,,,,,,,
ダミー,ダミー,ダミー,Dummy,Dummy,,,,,,,,,,,,
ダミー,ダミー,ダミー,Dummy,Dummy,,,,,,,,,,,,
ダミー,ダミー,ダミー,Dummy,Dummy,,,,,,,,,,,,
ダミー,ダミー,ダミー,Dummy,Dummy,,,,,,,,,,,,
ダミー,ダミー,ダミー,Dummy,Dummy,,,,,,,,,,,,
ダミー,ダミー,ダミー,Dummy,Dummy,,,,,,,,,,,,
ダミー,ダミー,ダミー,Dummy,Dummy,,,,,,,,,,,,
ダミー,ダミー,ダミー,Dummy,Dummy,,,,,,,,,,,,
ダミー,ダミー,ダミー,Dummy,Dummy,,,,,,,,,,,,
ダミー,ダミー,ダミー,Dummy,Dummy,,,,,,,,,,,,
ダミー,ダミー,ダミー,Dummy,Dummy,,,,,,,,,,,,
ダミー,ダミー,ダミー,Dummy,Dummy,,,,,,,,,,,,
ダミー,ダミー,ダミー,Dummy,Dummy,,,,,,,,,,,,
ダミー,ダミー,ダミー,Dummy,Dummy,,,,,,,,,,,,
ダミー,ダミー,ダミー,Dummy,Dummy,,,,,,,,,,,,
ダミー,ダミー,ダミー,Dummy,Dummy,,,,,,,,,,,,
ダミー,ダミー,ダミー,Dummy,Dummy,,,,,,,,,,,,
ダミー,ダミー,ダミー,Dummy,Dummy,,,,,,,,,,,,
ダミー,ダミー,ダミー,Dummy,Dummy,,,,,,,,,,,,
ダミー,ダミー,ダミー,Dummy,Dummy,,,,,,,,,,,,
ダミー,ダミー,ダミー,Dummy,Dummy,,,,,,,,,,,,
ダミー,ダミー,ダミー,Dummy,Dummy,,,,,,,,,,,,
ダミー,ダミー,ダミー,Dummy,Dummy,,,,,,,,,,,,
ダミー,ダミー,ダミー,Dummy,Dummy,,,,,,,,,,,,
ダミー,ダミー,ダミー,Dummy,Dummy,,,,,,,,,,,,
ダミー,ダミー,ダミー,Dummy,Dummy,,,,,,,,,,,,
ダミー,ダミー,ダミー,Dummy,Dummy,,,,,,,,,,,,
ダミー,ダミー,ダミー,Dummy,Dummy,,,,,,,,,,,,
ダミー,ダミー,ダミー,Dummy,Dummy,,,,,,,,,,,,
ダミー,ダミー,ダミー,Dummy,Dummy,,,,,,,,,,,,
ダミー,ダミー,ダミー,Dummy,Dummy,,,,,,,,,,,,
ダミー,ダミー,ダミー,Dummy,Dummy,,,,,,,,,,,,
ダミー,ダミー,ダミー,Dummy,Dummy,,,,,,,,,,,,
ダミー,ダミー,ダミー,Dummy,Dummy,,,,,,,,,,,,
ダミー,ダミー,ダミー,Dummy,Dummy,,,,,,,,,,,,
ダミー,ダミー,ダミー,Dummy,Dummy,,,,,,,,,,,,
ダミー,ダミー,ダミー,Dummy,Dummy,,,,,,,,,,,,
ダミー,ダミー,ダミー,Dummy,Dummy,,,,,,,,,,,,
ダミー,ダミー,ダミー,Dummy,Dummy,,,,,,,,,,,,
ダミー,ダミー,ダミー,Dummy,Dummy,,,,,,,,,,,,
ダミー,ダミー,ダミー,Dummy,Dummy,,,,,,,,,,,,
ダミー,ダミー,ダミー,Dummy,Dummy,,,,,,,,,,,,
ダミー,ダミー,ダミー,Dummy,Dummy,,,,,,,,,,,,
ダミー,ダミー,ダミー,Dummy,Dummy,,,,,,,,,,,,
ダミー,ダミー,ダミー,Dummy,Dummy,,,,,,,,,,,,
ダミー,ダミー,ダミー,Dummy,Dummy,,,,,,,,,,,,
ダミー,ダミー,ダミー,Dummy,Dummy,,,,,,,,,,,,
ダミー,ダミー,ダミー,Dummy,Dummy,,,,,,,,,,,,
ダミー,ダミー,ダミー,Dummy,Dummy,,,,,,,,,,,,
ダミー,ダミー,ダミー,Dummy,Dummy,,,,,,,,,,,,
ダミー,ダミー,ダミー,Dummy,Dummy,,,,,,,,,,,,
ダミー,ダミー,ダミー,Dummy,Dummy,,,,,,,,,,,,
ダミー,ダミー,ダミー,Dummy,Dummy,,,,,,,,,,,,
ダミー,ダミー,ダミー,Dummy,Dummy,,,,,,,,,,,,
ダミー,ダミー,ダミー,Dummy,Dummy,,,,,,,,,,,,
ダミー,ダミー,ダミー,Dummy,Dummy,,,,,,,,,,,,
ダミー,ダミー,ダミー,Dummy,Dummy,,,,,,,,,,,,
ダミー,ダミー,ダミー,Dummy,Dummy,,,,,,,,,,,,
ダミー,ダミー,ダミー,Dummy,Dummy,,,,,,,,,,,,
ダミー,ダミー,ダミー,Dummy,Dummy,,,,,,,,,,,,
ダミー,ダミー,ダミー,Dummy,Dummy,,,,,,,,,,,,
ダミー,ダミー,ダミー,Dummy,Dummy,,,,,,,,,,,,
ダミー,ダミー,ダミー,Dummy,Dummy,,,,,,,,,,,,
ダミー,ダミー,ダミー,Dummy,Dummy,,,,,,,,,,,,
ダミー,ダミー,ダミー,Dummy,Dummy,,,,,,,,,,,,
ダミー,ダミー,ダミー,Dummy,Dummy,,,,,,,,,,,,
ダミー,ダミー,ダミー,Dummy,Dummy,,,,,,,,,,,,
ダミー,ダミー,ダミー,Dummy,Dummy,,,,,,,,,,,,
ダミー,ダミー,ダミー,Dummy,Dummy,,,,,,,,,,,,
ダミー,ダミー,ダミー,Dummy,Dummy,,,,,,,,,,,,
ダミー,ダミー,ダミー,Dummy,Dummy,,,,,,,,,,,,
ダミー,ダミー,ダミー,Dummy,Dummy,,,,,,,,,,,,
ダミー,ダミー,ダミー,Dummy,Dummy,,,,,,,,,,,,
ダミー,ダミー,ダミー,Dummy,Dummy,,,,,,,,,,,,
ダミー,ダミー,ダミー,Dummy,Dummy,,,,,,,,,,,,
ダミー,ダミー,ダミー,Dummy,Dummy,,,,,,,,,,,,
ダミー,ダミー,ダミー,Dummy,Dummy,,,,,,,,,,,,
ダミー,ダミー,ダミー,Dummy,Dummy,,,,,,,,,,,,
ダミー,ダミー,ダミー,Dummy,Dummy,,,,,,,,,,,,
ダミー,ダミー,ダミー,Dummy,Dummy,,,,,,,,,,,,
ダミー,ダミー,ダミー,Dummy,Dummy,,,,,,,,,,,,
ダミー,ダミー,ダミー,Dummy,Dummy,,,,,,,,,,,,
ダミー,ダミー,ダミー,Dummy,Dummy,,,,,,,,,,,,
ダミー,ダミー,ダミー,Dummy,Dummy,,,,,,,,,,,,
ダミー,ダミー,ダミー,Dummy,Dummy,,,,,,,,,,,,
ダミー,ダミー,ダミー,Dummy,Dummy,,,,,,,,,,,,
ダミー,ダミー,ダミー,Dummy,Dummy,,,,,,,,,,,,
ダミー,ダミー,ダミー,Dummy,Dummy,,,,,,,,,,,,
ダミー,ダミー,ダミー,Dummy,Dummy,,,,,,,,,,,,
ダミー,ダミー,ダミー,Dummy,Dummy,,,,,,,,,,,,
ダミー,ダミー,ダミー,Dummy,Dummy,,,,,,,,,,,,
ダミー,ダミー,ダミー,Dummy,Dummy,,,,,,,,,,,,
ダミー,ダミー,ダミー,Dummy,Dummy,,,,,,,,,,,,
ダミー,ダミー,ダミー,Dummy,Dummy,,,,,,,,,,,,
ダミー,ダミー,ダミー,Dummy,Dummy,,,,,,,,,,,,
ダミー,ダミー,ダミー,Dummy,Dummy,,,,,,,,,,,,
ダミー,ダミー,ダミー,Dummy,Dummy,,,,,,,,,,,,
ダミー,ダミー,ダミー,Dummy,Dummy,,,,,,,,,,,,
ダミー,ダミー,ダミー,Dummy,Dummy,,,,,,,,,,,,
ダミー,ダミー,ダミー,Dummy,Dummy,,,,,,,,,,,,
ダミー,ダミー,ダミー,Dummy,Dummy,,,,,,,,,,,,
ダミー,ダミー,ダミー,Dummy,Dummy,,,,,,,,,,,,
ダミー,ダミー,ダミー,Dummy,Dummy,,,,,,,,,,,,
ダミー,ダミー,ダミー,Dummy,Dummy,,,,,,,,,,,,
ダミー,ダミー,ダミー,Dummy,Dummy,,,,,,,,,,,,
ダミー,ダミー,ダミー,Dummy,Dummy,,,,,,,,,,,,
ダミー,ダミー,ダミー,Dummy,Dummy,,,,,,,,,,,,
ダミー,ダミー,ダミー,Dummy,Dummy,,,,,,,,,,,,
ダミー,ダミー,ダミー,Dummy,Dummy,,,,,,,,,,,,
ダミー,ダミー,ダミー,Dummy,Dummy,,,,,,,,,,,,
ダミー,ダミー,ダミー,Dummy,Dummy,,,,,,,,,,,,
ダミー,ダミー,ダミー,Dummy,Dummy,,,,,,,,,,,,
ダミー,ダミー,ダミー,Dummy,Dummy,,,,,,,,,,,,
ダミー,ダミー,ダミー,Dummy,Dummy,,,,,,,,,,,,
ダミー,ダミー,ダミー,Dummy,Dummy,,,,,,,,,,,,
ダミー,ダミー,ダミー,Dummy,Dummy,,,,,,,,,,,,
ダミー,ダミー,ダミー,Dummy,Dummy,,,,,,,,,,,,
ダミー,ダミー,ダミー,Dummy,Dummy,,,,,,,,,,,,
ダミー,ダミー,ダミー,Dummy,Dummy,,,,,,,,,,,,
ダミー,ダミー,ダミー,Dummy,Dummy,,,,,,,,,,,,
ダミー,ダミー,ダミー,Dummy,Dummy,,,,,,,,,,,,
ダミー,ダミー,ダミー,Dummy,Dummy,,,,,,,,,,,,
ダミー,ダミー,ダミー,Dummy,Dummy,,,,,,,,,,,,
ダミー,ダミー,ダミー,Dummy,Dummy,,,,,,,,,,,,
ダミー,ダミー,ダミー,Dummy,Dummy,,,,,,,,,,,,
ダミー,ダミー,ダミー,Dummy,Dummy,,,,,,,,,,,,
ダミー,ダミー,ダミー,Dummy,Dummy,,,,,,,,,,,,
ダミー,ダミー,ダミー,Dummy,Dummy,,,,,,,,,,,,
ダミー,ダミー,ダミー,Dummy,Dummy,,,,,,,,,,,,
ダミー,ダミー,ダミー,Dummy,Dummy,,,,,,,,,,,,
ダミー,ダミー,ダミー,Dummy,Dummy,,,,,,,,,,,,
ダミー,ダミー,ダミー,Dummy,Dummy,,,,,,,,,,,,
ダミー,ダミー,ダミー,Dummy,Dummy,,,,,,,,,,,,
ダミー,ダミー,ダミー,Dummy,Dummy,,,,,,,,,,,,
ダミー,ダミー,ダミー,Dummy,Dummy,,,,,,,,,,,,
ダミー,ダミー,ダミー,Dummy,Dummy,,,,,,,,,,,,
ダミー,ダミー,ダミー,Dummy,Dummy,,,,,,,,,,,,
ダミー,ダミー,ダミー,Dummy,Dummy,,,,,,,,,,,,
ダミー,ダミー,ダミー,Dummy,Dummy,,,,,,,,,,,,
ダミー,ダミー,ダミー,Dummy,Dummy,,,,,,,,,,,,
ダミー,ダミー,ダミー,Dummy,Dummy,,,,,,,,,,,,
ダミー,ダミー,ダミー,Dummy,Dummy,,,,,,,,,,,,
ダミー,ダミー,ダミー,Dummy,Dummy,,,,,,,,,,,,
ダミー,ダミー,ダミー,Dummy,Dummy,,,,,,,,,,,,
ダミー,ダミー,ダミー,Dummy,Dummy,,,,,,,,,,,,
ダミー,ダミー,ダミー,Dummy,Dummy,,,,,,,,,,,,
ダミー,ダミー,ダミー,Dummy,Dummy,,,,,,,,,,,,
ダミー,ダミー,ダミー,Dummy,Dummy,,,,,,,,,,,,
ダミー,ダミー,ダミー,Dummy,Dummy,,,,,,,,,,,,
ダミー,ダミー,ダミー,Dummy,Dummy,,,,,,,,,,,,
ダミー,ダミー,ダミー,Dummy,Dummy,,,,,,,,,,,,
ダミー,ダミー,ダミー,Dummy,Dummy,,,,,,,,,,,,
ダミー,ダミー,ダミー,Dummy,Dummy,,,,,,,,,,,,
ダミー,ダミー,ダミー,Dummy,Dummy,,,,,,,,,,,,
ダミー,ダミー,ダミー,Dummy,Dummy,,,,,,,,,,,,
ダミー,ダミー,ダミー,Dummy,Dummy,,,,,,,,,,,,
ダミー,ダミー,ダミー,Dummy,Dummy,,,,,,,,,,,,
ダミー,ダミー,ダミー,Dummy,Dummy,,,,,,,,,,,,
ダミー,ダミー,ダミー,Dummy,Dummy,,,,,,,,,,,,
ダミー,ダミー,ダミー,Dummy,Dummy,,,,,,,,,,,,
ダミー,ダミー,ダミー,Dummy,Dummy,,,,,,,,,,,,
ダミー,ダミー,ダミー,Dummy,Dummy,,,,,,,,,,,,
ダミー,ダミー,ダミー,Dummy,Dummy,,,,,,,,,,,,
ダミー,ダミー,ダミー,Dummy,Dummy,,,,,,,,,,,,
ダミー,ダミー,ダミー,Dummy,Dummy,,,,,,,,,,,,
ダミー,ダミー,ダミー,Dummy,Dummy,,,,,,,,,,,,
ダミー,ダミー,ダミー,Dummy,Dummy,,,,,,,,,,,,
ダミー,ダミー,ダミー,Dummy,Dummy,,,,,,,,,,,,
ダミー,ダミー,ダミー,Dummy,Dummy,,,,,,,,,,,,
ダミー,ダミー,ダミー,Dummy,Dummy,,,,,,,,,,,,
ダミー,ダミー,ダミー,Dummy,Dummy,,,,,,,,,,,,
ダミー,ダミー,ダミー,Dummy,Dummy,,,,,,,,,,,,
ダミー,ダミー,ダミー,Dummy,Dummy,,,,,,,,,,,,
ダミー,ダミー,ダミー,Dummy,Dummy,,,,,,,,,,,,
ダミー,ダミー,ダミー,Dummy,Dummy,,,,,,,,,,,,
ダミー,ダミー,ダミー,Dummy,Dummy,,,,,,,,,,,,
ダミー,ダミー,ダミー,Dummy,Dummy,,,,,,,,,,,,
ダミー,ダミー,ダミー,Dummy,Dummy,,,,,,,,,,,,
ダミー,ダミー,ダミー,Dummy,Dummy,,,,,,,,,,,,
ダミー,ダミー,ダミー,Dummy,Dummy,,,,,,,,,,,,
ダミー,ダミー,ダミー,Dummy,Dummy,,,,,,,,,,,,
ダミー,ダミー,ダミー,Dummy,Dummy,,,,,,,,,,,,
ダミー,ダミー,ダミー,Dummy,Dummy,,,,,,,,,,,,
ダミー,ダミー,ダミー,Dummy,Dummy,,,,,,,,,,,,
ダミー,ダミー,ダミー,Dummy,Dummy,,,,,,,,,,,,
ダミー,ダミー,ダミー,Dummy,Dummy,,,,,,,,,,,,
ダミー,ダミー,ダミー,Dummy,Dummy,,,,,,,,,,,,
ダミー,ダミー,ダミー,Dummy,Dummy,,,,,,,,,,,,
ダミー,ダミー,ダミー,Dummy,Dummy,,,,,,,,,,,,
ダミー,ダミー,ダミー,Dummy,Dummy,,,,,,,,,,,,
ダミー,ダミー,ダミー,Dummy,Dummy,,,,,,,,,,,,
ダミー,ダミー,ダミー,Dummy,Dummy,,,,,,,,,,,,
ダミー,ダミー,ダミー,Dummy,Dummy,,,,,,,,,,,,
ダミー,ダミー,ダミー,Dummy,Dummy,,,,,,,,,,,,
ダミー,ダミー,ダミー,Dummy,Dummy,,,,,,,,,,,,
ダミー,ダミー,ダミー,Dummy,Dummy,,,,,,,,,,,,
ダミー,ダミー,ダミー,Dummy,Dummy,,,,,,,,,,,,
ダミー,ダミー,ダミー,Dummy,Dummy,,,,,,,,,,,,
ダミー,ダミー,ダミー,Dummy,Dummy,,,,,,,,,,,,
ダミー,ダミー,ダミー,Dummy,Dummy,,,,,,,,,,,,
ダミー,ダミー,ダミー,Dummy,Dummy,,,,,,,,,,,,
ダミー,ダミー,ダミー,Dummy,Dummy,,,,,,,,,,,,
ダミー,ダミー,ダミー,Dummy,Dummy,,,,,,,,,,,,
ダミー,ダミー,ダミー,Dummy,Dummy,,,,,,,,,,,,
ダミー,ダミー,ダミー,Dummy,Dummy,,,,,,,,,,,,
ダミー,ダミー,ダミー,Dummy,Dummy,,,,,,,,,,,,
ダミー,ダミー,ダミー,Dummy,Dummy,,,,,,,,,,,,
ダミー,ダミー,ダミー,Dummy,Dummy,,,,,,,,,,,,
ダミー,ダミー,ダミー,Dummy,Dummy,,,,,,,,,,,,
ダミー,ダミー,ダミー,Dummy,Dummy,,,,,,,,,,,,
ダミー,ダミー,ダミー,Dummy,Dummy,,,,,,,,,,,,
ダミー,ダミー,ダミー,Dummy,Dummy,,,,,,,,,,,,
ダミー,ダミー,ダミー,Dummy,Dummy,,,,,,,,,,,,
ダミー,ダミー,ダミー,Dummy,Dummy,,,,,,,,,,,,
ダミー,ダミー,ダミー,Dummy,Dummy,,,,,,,,,,,,
ダミー,ダミー,ダミー,Dummy,Dummy,,,,,,,,,,,,
ダミー,ダミー,ダミー,Dummy,Dummy,,,,,,,,,,,,
ダミー,ダミー,ダミー,Dummy,Dummy,,,,,,,,,,,,
ダミー,ダミー,ダミー,Dummy,Dummy,,,,,,,,,,,,
ダミー,ダミー,ダミー,Dummy,Dummy,,,,,,,,,,,,
ダミー,ダミー,ダミー,Dummy,Dummy,,,,,,,,,,,,
ダミー,ダミー,ダミー,Dummy,Dummy,,,,,,,,,,,,
ダミー,ダミー,ダミー,Dummy,Dummy,,,,,,,,,,,,
ダミー,ダミー,ダミー,Dummy,Dummy,,,,,,,,,,,,
ダミー,ダミー,ダミー,Dummy,Dummy,,,,,,,,,,,,
ダミー,ダミー,ダミー,Dummy,Dummy,,,,,,,,,,,,
ダミー,ダミー,ダミー,Dummy,Dummy,,,,,,,,,,,,
ダミー,ダミー,ダミー,Dummy,Dummy,,,,,,,,,,,,
ダミー,ダミー,ダミー,Dummy,Dummy,,,,,,,,,,,,
ダミー,ダミー,ダミー,Dummy,Dummy,,,,,,,,,,,,
ダミー,ダミー,ダミー,Dummy,Dummy,,,,,,,,,,,,
ダミー,ダミー,ダミー,Dummy,Dummy,,,,,,,,,,,,
ダミー,ダミー,ダミー,Dummy,Dummy,,,,,,,,,,,,
ダミー,ダミー,ダミー,Dummy,Dummy,,,,,,,,,,,,
ダミー,ダミー,ダミー,Dummy,Dummy,,,,,,,,,,,,
ダミー,ダミー,ダミー,Dummy,Dummy,,,,,,,,,,,,
ダミー,ダミー,ダミー,Dummy,Dummy,,,,,,,,,,,,
ダミー,ダミー,ダミー,Dummy,Dummy,,,,,,,,,,,,
ダミー,ダミー,ダミー,Dummy,Dummy,,,,,,,,,,,,
ダミー,ダミー,ダミー,Dummy,Dummy,,,,,,,,,,,,
ダミー,ダミー,ダミー,Dummy,Dummy,,,,,,,,,,,,
ダミー,ダミー,ダミー,Dummy,Dummy,,,,,,,,,,,,	
ダミー,ダミー,ダミー,Dummy,Dummy,,,,,,,,,,,,
ダミー,ダミー,ダミー,Dummy,Dummy,,,,,,,,,,,,
ダミー,ダミー,ダミー,Dummy,Dummy,,,,,,,,,,,,
ダミー,ダミー,ダミー,Dummy,Dummy,,,,,,,,,,,,
ダミー,ダミー,ダミー,Dummy,Dummy,,,,,,,,,,,,
ダミー,ダミー,ダミー,Dummy,Dummy,,,,,,,,,,,,
ダミー,ダミー,ダミー,Dummy,Dummy,,,,,,,,,,,,
ダミー,ダミー,ダミー,Dummy,Dummy,,,,,,,,,,,,
ダミー,ダミー,ダミー,Dummy,Dummy,,,,,,,,,,,,
ダミー,ダミー,ダミー,Dummy,Dummy,,,,,,,,,,,,
ダミー,ダミー,ダミー,Dummy,Dummy,,,,,,,,,,,,
ダミー,ダミー,ダミー,Dummy,Dummy,,,,,,,,,,,,
ダミー,ダミー,ダミー,Dummy,Dummy,,,,,,,,,,,,
ダミー,ダミー,ダミー,Dummy,Dummy,,,,,,,,,,,,
ダミー,ダミー,ダミー,Dummy,Dummy,,,,,,,,,,,,
ダミー,ダミー,ダミー,Dummy,Dummy,,,,,,,,,,,,
ダミー,ダミー,ダミー,Dummy,Dummy,,,,,,,,,,,,
ダミー,ダミー,ダミー,Dummy,Dummy,,,,,,,,,,,,
ダミー,ダミー,ダミー,Dummy,Dummy,,,,,,,,,,,,
ダミー,ダミー,ダミー,Dummy,Dummy,,,,,,,,,,,,
ダミー,ダミー,ダミー,Dummy,Dummy,,,,,,,,,,,,
ダミー,ダミー,ダミー,Dummy,Dummy,,,,,,,,,,,,
ダミー,ダミー,ダミー,Dummy,Dummy,,,,,,,,,,,,
ダミー,ダミー,ダミー,Dummy,Dummy,,,,,,,,,,,,
ダミー,ダミー,ダミー,Dummy,Dummy,,,,,,,,,,,,
ダミー,ダミー,ダミー,Dummy,Dummy,,,,,,,,,,,,
ダミー,ダミー,ダミー,Dummy,Dummy,,,,,,,,,,,,
ダミー,ダミー,ダミー,Dummy,Dummy,,,,,,,,,,,,
ダミー,ダミー,ダミー,Dummy,Dummy,,,,,,,,,,,,
ダミー,ダミー,ダミー,Dummy,Dummy,,,,,,,,,,,,
ダミー,ダミー,ダミー,Dummy,Dummy,,,,,,,,,,,,
ダミー,ダミー,ダミー,Dummy,Dummy,,,,,,,,,,,,
ダミー,ダミー,ダミー,Dummy,Dummy,,,,,,,,,,,,
ダミー,ダミー,ダミー,Dummy,Dummy,,,,,,,,,,,,
ダミー,ダミー,ダミー,Dummy,Dummy,,,,,,,,,,,,
ダミー,ダミー,ダミー,Dummy,Dummy,,,,,,,,,,,,
ダミー,ダミー,ダミー,Dummy,Dummy,,,,,,,,,,,,
ダミー,ダミー,ダミー,Dummy,Dummy,,,,,,,,,,,,
ダミー,ダミー,ダミー,Dummy,Dummy,,,,,,,,,,,,
ダミー,ダミー,ダミー,Dummy,Dummy,,,,,,,,,,,,
ダミー,ダミー,ダミー,Dummy,Dummy,,,,,,,,,,,,
ダミー,ダミー,ダミー,Dummy,Dummy,,,,,,,,,,,,
ダミー,ダミー,ダミー,Dummy,Dummy,,,,,,,,,,,,
ダミー,ダミー,ダミー,Dummy,Dummy,,,,,,,,,,,,
ダミー,ダミー,ダミー,Dummy,Dummy,,,,,,,,,,,,
ダミー,ダミー,ダミー,Dummy,Dummy,,,,,,,,,,,,
ダミー,ダミー,ダミー,Dummy,Dummy,,,,,,,,,,,,
ダミー,ダミー,ダミー,Dummy,Dummy,,,,,,,,,,,,
ダミー,ダミー,ダミー,Dummy,Dummy,,,,,,,,,,,,
ダミー,ダミー,ダミー,Dummy,Dummy,,,,,,,,,,,,
ダミー,ダミー,ダミー,Dummy,Dummy,,,,,,,,,,,,
ダミー,ダミー,ダミー,Dummy,Dummy,,,,,,,,,,,,
ダミー,ダミー,ダミー,Dummy,Dummy,,,,,,,,,,,,
ダミー,ダミー,ダミー,Dummy,Dummy,,,,,,,,,,,,
ダミー,ダミー,ダミー,Dummy,Dummy,,,,,,,,,,,,
ダミー,ダミー,ダミー,Dummy,Dummy,,,,,,,,,,,,
ダミー,ダミー,ダミー,Dummy,Dummy,,,,,,,,,,,,
ダミー,ダミー,ダミー,Dummy,Dummy,,,,,,,,,,,,
ダミー,ダミー,ダミー,Dummy,Dummy,,,,,,,,,,,,
ダミー,ダミー,ダミー,Dummy,Dummy,,,,,,,,,,,,
ダミー,ダミー,ダミー,Dummy,Dummy,,,,,,,,,,,,
ダミー,ダミー,ダミー,Dummy,Dummy,,,,,,,,,,,,
ダミー,ダミー,ダミー,Dummy,Dummy,,,,,,,,,,,,
ダミー,ダミー,ダミー,Dummy,Dummy,,,,,,,,,,,,
ダミー,ダミー,ダミー,Dummy,Dummy,,,,,,,,,,,,
ダミー,ダミー,ダミー,Dummy,Dummy,,,,,,,,,,,,
ダミー,ダミー,ダミー,Dummy,Dummy,,,,,,,,,,,,
ダミー,ダミー,ダミー,Dummy,Dummy,,,,,,,,,,,,
ダミー,ダミー,ダミー,Dummy,Dummy,,,,,,,,,,,,
ダミー,ダミー,ダミー,Dummy,Dummy,,,,,,,,,,,,
ダミー,ダミー,ダミー,Dummy,Dummy,,,,,,,,,,,,
ダミー,ダミー,ダミー,Dummy,Dummy,,,,,,,,,,,,
ダミー,ダミー,ダミー,Dummy,Dummy,,,,,,,,,,,,
ダミー,ダミー,ダミー,Dummy,Dummy,,,,,,,,,,,,
ダミー,ダミー,ダミー,Dummy,Dummy,,,,,,,,,,,,
ダミー,ダミー,ダミー,Dummy,Dummy,,,,,,,,,,,,
ダミー,ダミー,ダミー,Dummy,Dummy,,,,,,,,,,,,
ダミー,ダミー,ダミー,Dummy,Dummy,,,,,,,,,,,,
ダミー,ダミー,ダミー,Dummy,Dummy,,,,,,,,,,,,
ダミー,ダミー,ダミー,Dummy,Dummy,,,,,,,,,,,,
ダミー,ダミー,ダミー,Dummy,Dummy,,,,,,,,,,,,
ダミー,ダミー,ダミー,Dummy,Dummy,,,,,,,,,,,,
ダミー,ダミー,ダミー,Dummy,Dummy,,,,,,,,,,,,
ダミー,ダミー,ダミー,Dummy,Dummy,,,,,,,,,,,,
ダミー,ダミー,ダミー,Dummy,Dummy,,,,,,,,,,,,
ダミー,ダミー,ダミー,Dummy,Dummy,,,,,,,,,,,,
ダミー,ダミー,ダミー,Dummy,Dummy,,,,,,,,,,,,
ダミー,ダミー,ダミー,Dummy,Dummy,,,,,,,,,,,,
ダミー,ダミー,ダミー,Dummy,Dummy,,,,,,,,,,,,
ダミー,ダミー,ダミー,Dummy,Dummy,,,,,,,,,,,,
ダミー,ダミー,ダミー,Dummy,Dummy,,,,,,,,,,,,
ダミー,ダミー,ダミー,Dummy,Dummy,,,,,,,,,,,,
ダミー,ダミー,ダミー,Dummy,Dummy,,,,,,,,,,,,
ダミー,ダミー,ダミー,Dummy,Dummy,,,,,,,,,,,,
ダミー,ダミー,ダミー,Dummy,Dummy,,,,,,,,,,,,
ダミー,ダミー,ダミー,Dummy,Dummy,,,,,,,,,,,,
ダミー,ダミー,ダミー,Dummy,Dummy,,,,,,,,,,,,
ダミー,ダミー,ダミー,Dummy,Dummy,,,,,,,,,,,,
ダミー,ダミー,ダミー,Dummy,Dummy,,,,,,,,,,,,
ダミー,ダミー,ダミー,Dummy,Dummy,,,,,,,,,,,,
ダミー,ダミー,ダミー,Dummy,Dummy,,,,,,,,,,,,
ダミー,ダミー,ダミー,Dummy,Dummy,,,,,,,,,,,,
ダミー,ダミー,ダミー,Dummy,Dummy,,,,,,,,,,,,
ダミー,ダミー,ダミー,Dummy,Dummy,,,,,,,,,,,,
ダミー,ダミー,ダミー,Dummy,Dummy,,,,,,,,,,,,
ダミー,ダミー,ダミー,Dummy,Dummy,,,,,,,,,,,,
ダミー,ダミー,ダミー,Dummy,Dummy,,,,,,,,,,,,
ダミー,ダミー,ダミー,Dummy,Dummy,,,,,,,,,,,,
ダミー,ダミー,ダミー,Dummy,Dummy,,,,,,,,,,,,
ダミー,ダミー,ダミー,Dummy,Dummy,,,,,,,,,,,,
ダミー,ダミー,ダミー,Dummy,Dummy,,,,,,,,,,,,
ダミー,ダミー,ダミー,Dummy,Dummy,,,,,,,,,,,,
ダミー,ダミー,ダミー,Dummy,Dummy,,,,,,,,,,,,
ダミー,ダミー,ダミー,Dummy,Dummy,,,,,,,,,,,,
ダミー,ダミー,ダミー,Dummy,Dummy,,,,,,,,,,,,
ダミー,ダミー,ダミー,Dummy,Dummy,,,,,,,,,,,,
ダミー,ダミー,ダミー,Dummy,Dummy,,,,,,,,,,,,
ダミー,ダミー,ダミー,Dummy,Dummy,,,,,,,,,,,,
ダミー,ダミー,ダミー,Dummy,Dummy,,,,,,,,,,,,
ダミー,ダミー,ダミー,Dummy,Dummy,,,,,,,,,,,,
ダミー,ダミー,ダミー,Dummy,Dummy,,,,,,,,,,,,
ダミー,ダミー,ダミー,Dummy,Dummy,,,,,,,,,,,,
ダミー,ダミー,ダミー,Dummy,Dummy,,,,,,,,,,,,
ダミー,ダミー,ダミー,Dummy,Dummy,,,,,,,,,,,,
ダミー,ダミー,ダミー,Dummy,Dummy,,,,,,,,,,,,
ダミー,ダミー,ダミー,Dummy,Dummy,,,,,,,,,,,,
ダミー,ダミー,ダミー,Dummy,Dummy,,,,,,,,,,,,
ダミー,ダミー,ダミー,Dummy,Dummy,,,,,,,,,,,,
ダミー,ダミー,ダミー,Dummy,Dummy,,,,,,,,,,,,
ダミー,ダミー,ダミー,Dummy,Dummy,,,,,,,,,,,,
ダミー,ダミー,ダミー,Dummy,Dummy,,,,,,,,,,,,
ダミー,ダミー,ダミー,Dummy,Dummy,,,,,,,,,,,,
ダミー,ダミー,ダミー,Dummy,Dummy,,,,,,,,,,,,
ダミー,ダミー,ダミー,Dummy,Dummy,,,,,,,,,,,,
ダミー,ダミー,ダミー,Dummy,Dummy,,,,,,,,,,,,
ダミー,ダミー,ダミー,Dummy,Dummy,,,,,,,,,,,,
ダミー,ダミー,ダミー,Dummy,Dummy,,,,,,,,,,,,
ダミー,ダミー,ダミー,Dummy,Dummy,,,,,,,,,,,,
ダミー,ダミー,ダミー,Dummy,Dummy,,,,,,,,,,,,
ダミー,ダミー,ダミー,Dummy,Dummy,,,,,,,,,,,,
ダミー,ダミー,ダミー,Dummy,Dummy,,,,,,,,,,,,
ダミー,ダミー,ダミー,Dummy,Dummy,,,,,,,,,,,,
ダミー,ダミー,ダミー,Dummy,Dummy,,,,,,,,,,,,
ダミー,ダミー,ダミー,Dummy,Dummy,,,,,,,,,,,,
ダミー,ダミー,ダミー,Dummy,Dummy,,,,,,,,,,,,
ダミー,ダミー,ダミー,Dummy,Dummy,,,,,,,,,,,,
ダミー,ダミー,ダミー,Dummy,Dummy,,,,,,,,,,,,
ダミー,ダミー,ダミー,Dummy,Dummy,,,,,,,,,,,,
ダミー,ダミー,ダミー,Dummy,Dummy,,,,,,,,,,,,
ダミー,ダミー,ダミー,Dummy,Dummy,,,,,,,,,,,,
ダミー,ダミー,ダミー,Dummy,Dummy,,,,,,,,,,,,
ダミー,ダミー,ダミー,Dummy,Dummy,,,,,,,,,,,,
ダミー,ダミー,ダミー,Dummy,Dummy,,,,,,,,,,,,
ダミー,ダミー,ダミー,Dummy,Dummy,,,,,,,,,,,,
ダミー,ダミー,ダミー,Dummy,Dummy,,,,,,,,,,,,
ダミー,ダミー,ダミー,Dummy,Dummy,,,,,,,,,,,,
ダミー,ダミー,ダミー,Dummy,Dummy,,,,,,,,,,,,
ダミー,ダミー,ダミー,Dummy,Dummy,,,,,,,,,,,,
ダミー,ダミー,ダミー,Dummy,Dummy,,,,,,,,,,,,
ダミー,ダミー,ダミー,Dummy,Dummy,,,,,,,,,,,,
ダミー,ダミー,ダミー,Dummy,Dummy,,,,,,,,,,,,
ダミー,ダミー,ダミー,Dummy,Dummy,,,,,,,,,,,,
ダミー,ダミー,ダミー,Dummy,Dummy,,,,,,,,,,,,
ダミー,ダミー,ダミー,Dummy,Dummy,,,,,,,,,,,,
ダミー,ダミー,ダミー,Dummy,Dummy,,,,,,,,,,,,
ダミー,ダミー,ダミー,Dummy,Dummy,,,,,,,,,,,,
ダミー,ダミー,ダミー,Dummy,Dummy,,,,,,,,,,,,
ダミー,ダミー,ダミー,Dummy,Dummy,,,,,,,,,,,,
ダミー,ダミー,ダミー,Dummy,Dummy,,,,,,,,,,,,
ダミー,ダミー,ダミー,Dummy,Dummy,,,,,,,,,,,,
ダミー,ダミー,ダミー,Dummy,Dummy,,,,,,,,,,,,
ダミー,ダミー,ダミー,Dummy,Dummy,,,,,,,,,,,,
ダミー,ダミー,ダミー,Dummy,Dummy,,,,,,,,,,,,
ダミー,ダミー,ダミー,Dummy,Dummy,,,,,,,,,,,,
ダミー,ダミー,ダミー,Dummy,Dummy,,,,,,,,,,,,
ダミー,ダミー,ダミー,Dummy,Dummy,,,,,,,,,,,,
ダミー,ダミー,ダミー,Dummy,Dummy,,,,,,,,,,,,
ダミー,ダミー,ダミー,Dummy,Dummy,,,,,,,,,,,,
ダミー,ダミー,ダミー,Dummy,Dummy,,,,,,,,,,,,
ダミー,ダミー,ダミー,Dummy,Dummy,,,,,,,,,,,,
ダミー,ダミー,ダミー,Dummy,Dummy,,,,,,,,,,,,
ダミー,ダミー,ダミー,Dummy,Dummy,,,,,,,,,,,,
ダミー,ダミー,ダミー,Dummy,Dummy,,,,,,,,,,,,
ダミー,ダミー,ダミー,Dummy,Dummy,,,,,,,,,,,,
ダミー,ダミー,ダミー,Dummy,Dummy,,,,,,,,,,,,
ダミー,ダミー,ダミー,Dummy,Dummy,,,,,,,,,,,,
ダミー,ダミー,ダミー,Dummy,Dummy,,,,,,,,,,,,
ダミー,ダミー,ダミー,Dummy,Dummy,,,,,,,,,,,,
ダミー,ダミー,ダミー,Dummy,Dummy,,,,,,,,,,,,
ダミー,ダミー,ダミー,Dummy,Dummy,,,,,,,,,,,,
ダミー,ダミー,ダミー,Dummy,Dummy,,,,,,,,,,,,
ダミー,ダミー,ダミー,Dummy,Dummy,,,,,,,,,,,,
ダミー,ダミー,ダミー,Dummy,Dummy,,,,,,,,,,,,
ダミー,ダミー,ダミー,Dummy,Dummy,,,,,,,,,,,,
ダミー,ダミー,ダミー,Dummy,Dummy,,,,,,,,,,,,
ダミー,ダミー,ダミー,Dummy,Dummy,,,,,,,,,,,,
ダミー,ダミー,ダミー,Dummy,Dummy,,,,,,,,,,,,
ダミー,ダミー,ダミー,Dummy,Dummy,,,,,,,,,,,,
ダミー,ダミー,ダミー,Dummy,Dummy,,,,,,,,,,,,
ダミー,ダミー,ダミー,Dummy,Dummy,,,,,,,,,,,,
ダミー,ダミー,ダミー,Dummy,Dummy,,,,,,,,,,,,
ダミー,ダミー,ダミー,Dummy,Dummy,,,,,,,,,,,,
ダミー,ダミー,ダミー,Dummy,Dummy,,,,,,,,,,,,
ダミー,ダミー,ダミー,Dummy,Dummy,,,,,,,,,,,,
ダミー,ダミー,ダミー,Dummy,Dummy,,,,,,,,,,,,
ダミー,ダミー,ダミー,Dummy,Dummy,,,,,,,,,,,,
ダミー,ダミー,ダミー,Dummy,Dummy,,,,,,,,,,,,
ダミー,ダミー,ダミー,Dummy,Dummy,,,,,,,,,,,,
ダミー,ダミー,ダミー,Dummy,Dummy,,,,,,,,,,,,
ダミー,ダミー,ダミー,Dummy,Dummy,,,,,,,,,,,,
ダミー,ダミー,ダミー,Dummy,Dummy,,,,,,,,,,,,
ダミー,ダミー,ダミー,Dummy,Dummy,,,,,,,,,,,,
ダミー,ダミー,ダミー,Dummy,Dummy,,,,,,,,,,,,
ダミー,ダミー,ダミー,Dummy,Dummy,,,,,,,,,,,,
ダミー,ダミー,ダミー,Dummy,Dummy,,,,,,,,,,,,
ダミー,ダミー,ダミー,Dummy,Dummy,,,,,,,,,,,,
ダミー,ダミー,ダミー,Dummy,Dummy,,,,,,,,,,,,
ダミー,ダミー,ダミー,Dummy,Dummy,,,,,,,,,,,,
ダミー,ダミー,ダミー,Dummy,Dummy,,,,,,,,,,,,
ダミー,ダミー,ダミー,Dummy,Dummy,,,,,,,,,,,,
ダミー,ダミー,ダミー,Dummy,Dummy,,,,,,,,,,,,
ダミー,ダミー,ダミー,Dummy,Dummy,,,,,,,,,,,,
ダミー,ダミー,ダミー,Dummy,Dummy,,,,,,,,,,,,
ダミー,ダミー,ダミー,Dummy,Dummy,,,,,,,,,,,,
ダミー,ダミー,ダミー,Dummy,Dummy,,,,,,,,,,,,
ダミー,ダミー,ダミー,Dummy,Dummy,,,,,,,,,,,,
ダミー,ダミー,ダミー,Dummy,Dummy,,,,,,,,,,,,
ダミー,ダミー,ダミー,Dummy,Dummy,,,,,,,,,,,,
ダミー,ダミー,ダミー,Dummy,Dummy,,,,,,,,,,,,
ダミー,ダミー,ダミー,Dummy,Dummy,,,,,,,,,,,,
ダミー,ダミー,ダミー,Dummy,Dummy,,,,,,,,,,,,
ダミー,ダミー,ダミー,Dummy,Dummy,,,,,,,,,,,,
ダミー,ダミー,ダミー,Dummy,Dummy,,,,,,,,,,,,
ダミー,ダミー,ダミー,Dummy,Dummy,,,,,,,,,,,,
ダミー,ダミー,ダミー,Dummy,Dummy,,,,,,,,,,,,
ダミー,ダミー,ダミー,Dummy,Dummy,,,,,,,,,,,,
ダミー,ダミー,ダミー,Dummy,Dummy,,,,,,,,,,,,
ダミー,ダミー,ダミー,Dummy,Dummy,,,,,,,,,,,,
ダミー,ダミー,ダミー,Dummy,Dummy,,,,,,,,,,,,
ダミー,ダミー,ダミー,Dummy,Dummy,,,,,,,,,,,,
ダミー,ダミー,ダミー,Dummy,Dummy,,,,,,,,,,,,
ダミー,ダミー,ダミー,Dummy,Dummy,,,,,,,,,,,,
ダミー,ダミー,ダミー,Dummy,Dummy,,,,,,,,,,,,
ダミー,ダミー,ダミー,Dummy,Dummy,,,,,,,,,,,,
ダミー,ダミー,ダミー,Dummy,Dummy,,,,,,,,,,,,
ダミー,ダミー,ダミー,Dummy,Dummy,,,,,,,,,,,,
ダミー,ダミー,ダミー,Dummy,Dummy,,,,,,,,,,,,
ダミー,ダミー,ダミー,Dummy,Dummy,,,,,,,,,,,,
ダミー,ダミー,ダミー,Dummy,Dummy,,,,,,,,,,,,
ダミー,ダミー,ダミー,Dummy,Dummy,,,,,,,,,,,,
ダミー,ダミー,ダミー,Dummy,Dummy,,,,,,,,,,,,
ダミー,ダミー,ダミー,Dummy,Dummy,,,,,,,,,,,,
ダミー,ダミー,ダミー,Dummy,Dummy,,,,,,,,,,,,
ダミー,ダミー,ダミー,Dummy,Dummy,,,,,,,,,,,,
ダミー,ダミー,ダミー,Dummy,Dummy,,,,,,,,,,,,
ダミー,ダミー,ダミー,Dummy,Dummy,,,,,,,,,,,,
ダミー,ダミー,ダミー,Dummy,Dummy,,,,,,,,,,,,
ダミー,ダミー,ダミー,Dummy,Dummy,,,,,,,,,,,,
ダミー,ダミー,ダミー,Dummy,Dummy,,,,,,,,,,,,
ダミー,ダミー,ダミー,Dummy,Dummy,,,,,,,,,,,,
ダミー,ダミー,ダミー,Dummy,Dummy,,,,,,,,,,,,
ダミー,ダミー,ダミー,Dummy,Dummy,,,,,,,,,,,,
ダミー,ダミー,ダミー,Dummy,Dummy,,,,,,,,,,,,
ダミー,ダミー,ダミー,Dummy,Dummy,,,,,,,,,,,,
ダミー,ダミー,ダミー,Dummy,Dummy,,,,,,,,,,,,
ダミー,ダミー,ダミー,Dummy,Dummy,,,,,,,,,,,,
ダミー,ダミー,ダミー,Dummy,Dummy,,,,,,,,,,,,
ダミー,ダミー,ダミー,Dummy,Dummy,,,,,,,,,,,,
ダミー,ダミー,ダミー,Dummy,Dummy,,,,,,,,,,,,
ダミー,ダミー,ダミー,Dummy,Dummy,,,,,,,,,,,,
ダミー,ダミー,ダミー,Dummy,Dummy,,,,,,,,,,,,
ダミー,ダミー,ダミー,Dummy,Dummy,,,,,,,,,,,,
ダミー,ダミー,ダミー,Dummy,Dummy,,,,,,,,,,,,
ダミー,ダミー,ダミー,Dummy,Dummy,,,,,,,,,,,,
ダミー,ダミー,ダミー,Dummy,Dummy,,,,,,,,,,,,
ダミー,ダミー,ダミー,Dummy,Dummy,,,,,,,,,,,,
ダミー,ダミー,ダミー,Dummy,Dummy,,,,,,,,,,,,
ダミー,ダミー,ダミー,Dummy,Dummy,,,,,,,,,,,,
ダミー,ダミー,ダミー,Dummy,Dummy,,,,,,,,,,,,
ダミー,ダミー,ダミー,Dummy,Dummy,,,,,,,,,,,,
ダミー,ダミー,ダミー,Dummy,Dummy,,,,,,,,,,,,
ダミー,ダミー,ダミー,Dummy,Dummy,,,,,,,,,,,,
ダミー,ダミー,ダミー,Dummy,Dummy,,,,,,,,,,,,
ダミー,ダミー,ダミー,Dummy,Dummy,,,,,,,,,,,,
ダミー,ダミー,ダミー,Dummy,Dummy,,,,,,,,,,,,
ダミー,ダミー,ダミー,Dummy,Dummy,,,,,,,,,,,,
ダミー,ダミー,ダミー,Dummy,Dummy,,,,,,,,,,,,
ダミー,ダミー,ダミー,Dummy,Dummy,,,,,,,,,,,,
ダミー,ダミー,ダミー,Dummy,Dummy,,,,,,,,,,,,
ダミー,ダミー,ダミー,Dummy,Dummy,,,,,,,,,,,,
ダミー,ダミー,ダミー,Dummy,Dummy,,,,,,,,,,,,
ダミー,ダミー,ダミー,Dummy,Dummy,,,,,,,,,,,,
ダミー,ダミー,ダミー,Dummy,Dummy,,,,,,,,,,,,
ダミー,ダミー,ダミー,Dummy,Dummy,,,,,,,,,,,,
ダミー,ダミー,ダミー,Dummy,Dummy,,,,,,,,,,,,
ダミー,ダミー,ダミー,Dummy,Dummy,,,,,,,,,,,,
ダミー,ダミー,ダミー,Dummy,Dummy,,,,,,,,,,,,
ダミー,ダミー,ダミー,Dummy,Dummy,,,,,,,,,,,,
ダミー,ダミー,ダミー,Dummy,Dummy,,,,,,,,,,,,
ダミー,ダミー,ダミー,Dummy,Dummy,,,,,,,,,,,,
ダミー,ダミー,ダミー,Dummy,Dummy,,,,,,,,,,,,
ダミー,ダミー,ダミー,Dummy,Dummy,,,,,,,,,,,,
ダミー,ダミー,ダミー,Dummy,Dummy,,,,,,,,,,,,
ダミー,ダミー,ダミー,Dummy,Dummy,,,,,,,,,,,,
ダミー,ダミー,ダミー,Dummy,Dummy,,,,,,,,,,,,
ダミー,ダミー,ダミー,Dummy,Dummy,,,,,,,,,,,,
ダミー,ダミー,ダミー,Dummy,Dummy,,,,,,,,,,,,
ダミー,ダミー,ダミー,Dummy,Dummy,,,,,,,,,,,,
ダミー,ダミー,ダミー,Dummy,Dummy,,,,,,,,,,,,
ダミー,ダミー,ダミー,Dummy,Dummy,,,,,,,,,,,,
ダミー,ダミー,ダミー,Dummy,Dummy,,,,,,,,,,,,
ダミー,ダミー,ダミー,Dummy,Dummy,,,,,,,,,,,,
ダミー,ダミー,ダミー,Dummy,Dummy,,,,,,,,,,,,
ダミー,ダミー,ダミー,Dummy,Dummy,,,,,,,,,,,,
ダミー,ダミー,ダミー,Dummy,Dummy,,,,,,,,,,,,
ダミー,ダミー,ダミー,Dummy,Dummy,,,,,,,,,,,,
ダミー,ダミー,ダミー,Dummy,Dummy,,,,,,,,,,,,
ダミー,ダミー,ダミー,Dummy,Dummy,,,,,,,,,,,,
ダミー,ダミー,ダミー,Dummy,Dummy,,,,,,,,,,,,
ダミー,ダミー,ダミー,Dummy,Dummy,,,,,,,,,,,,
ダミー,ダミー,ダミー,Dummy,Dummy,,,,,,,,,,,,
ダミー,ダミー,ダミー,Dummy,Dummy,,,,,,,,,,,,
ダミー,ダミー,ダミー,Dummy,Dummy,,,,,,,,,,,,
ダミー,ダミー,ダミー,Dummy,Dummy,,,,,,,,,,,,
ダミー,ダミー,ダミー,Dummy,Dummy,,,,,,,,,,,,
ダミー,ダミー,ダミー,Dummy,Dummy,,,,,,,,,,,,
ダミー,ダミー,ダミー,Dummy,Dummy,,,,,,,,,,,,
ダミー,ダミー,ダミー,Dummy,Dummy,,,,,,,,,,,,
ダミー,ダミー,ダミー,Dummy,Dummy,,,,,,,,,,,,
ダミー,ダミー,ダミー,Dummy,Dummy,,,,,,,,,,,,
ダミー,ダミー,ダミー,Dummy,Dummy,,,,,,,,,,,,
ダミー,ダミー,ダミー,Dummy,Dummy,,,,,,,,,,,,
ダミー,ダミー,ダミー,Dummy,Dummy,,,,,,,,,,,,
ダミー,ダミー,ダミー,Dummy,Dummy,,,,,,,,,,,,
ダミー,ダミー,ダミー,Dummy,Dummy,,,,,,,,,,,,
ダミー,ダミー,ダミー,Dummy,Dummy,,,,,,,,,,,,
ダミー,ダミー,ダミー,Dummy,Dummy,,,,,,,,,,,,
ダミー,ダミー,ダミー,Dummy,Dummy,,,,,,,,,,,,
ダミー,ダミー,ダミー,Dummy,Dummy,,,,,,,,,,,,
ダミー,ダミー,ダミー,Dummy,Dummy,,,,,,,,,,,,
ダミー,ダミー,ダミー,Dummy,Dummy,,,,,,,,,,,,
ダミー,ダミー,ダミー,Dummy,Dummy,,,,,,,,,,,,
ダミー,ダミー,ダミー,Dummy,Dummy,,,,,,,,,,,,
ダミー,ダミー,ダミー,Dummy,Dummy,,,,,,,,,,,,
ダミー,ダミー,ダミー,Dummy,Dummy,,,,,,,,,,,,
ダミー,ダミー,ダミー,Dummy,Dummy,,,,,,,,,,,,
ダミー,ダミー,ダミー,Dummy,Dummy,,,,,,,,,,,,
ダミー,ダミー,ダミー,Dummy,Dummy,,,,,,,,,,,,
ダミー,ダミー,ダミー,Dummy,Dummy,,,,,,,,,,,,
ダミー,ダミー,ダミー,Dummy,Dummy,,,,,,,,,,,,
ダミー,ダミー,ダミー,Dummy,Dummy,,,,,,,,,,,,
ダミー,ダミー,ダミー,Dummy,Dummy,,,,,,,,,,,,
ダミー,ダミー,ダミー,Dummy,Dummy,,,,,,,,,,,,
ダミー,ダミー,ダミー,Dummy,Dummy,,,,,,,,,,,,
ダミー,ダミー,ダミー,Dummy,Dummy,,,,,,,,,,,,
ダミー,ダミー,ダミー,Dummy,Dummy,,,,,,,,,,,,
ダミー,ダミー,ダミー,Dummy,Dummy,,,,,,,,,,,,
ダミー,ダミー,ダミー,Dummy,Dummy,,,,,,,,,,,,
ダミー,ダミー,ダミー,Dummy,Dummy,,,,,,,,,,,,
ダミー,ダミー,ダミー,Dummy,Dummy,,,,,,,,,,,,
ダミー,ダミー,ダミー,Dummy,Dummy,,,,,,,,,,,,
ダミー,ダミー,ダミー,Dummy,Dummy,,,,,,,,,,,,
ダミー,ダミー,ダミー,Dummy,Dummy,,,,,,,,,,,,
ダミー,ダミー,ダミー,Dummy,Dummy,,,,,,,,,,,,
ダミー,ダミー,ダミー,Dummy,Dummy,,,,,,,,,,,,
ダミー,ダミー,ダミー,Dummy,Dummy,,,,,,,,,,,,
ダミー,ダミー,ダミー,Dummy,Dummy,,,,,,,,,,,,
ダミー,ダミー,ダミー,Dummy,Dummy,,,,,,,,,,,,
ダミー,ダミー,ダミー,Dummy,Dummy,,,,,,,,,,,,
ダミー,ダミー,ダミー,Dummy,Dummy,,,,,,,,,,,,
ダミー,ダミー,ダミー,Dummy,Dummy,,,,,,,,,,,,
ダミー,ダミー,ダミー,Dummy,Dummy,,,,,,,,,,,,
ダミー,ダミー,ダミー,Dummy,Dummy,,,,,,,,,,,,
ダミー,ダミー,ダミー,Dummy,Dummy,,,,,,,,,,,,
ダミー,ダミー,ダミー,Dummy,Dummy,,,,,,,,,,,,
ダミー,ダミー,ダミー,Dummy,Dummy,,,,,,,,,,,,
ダミー,ダミー,ダミー,Dummy,Dummy,,,,,,,,,,,,
ダミー,ダミー,ダミー,Dummy,Dummy,,,,,,,,,,,,
ダミー,ダミー,ダミー,Dummy,Dummy,,,,,,,,,,,,
ダミー,ダミー,ダミー,Dummy,Dummy,,,,,,,,,,,,
ダミー,ダミー,ダミー,Dummy,Dummy,,,,,,,,,,,,
ダミー,ダミー,ダミー,Dummy,Dummy,,,,,,,,,,,,
ダミー,ダミー,ダミー,Dummy,Dummy,,,,,,,,,,,,
ダミー,ダミー,ダミー,Dummy,Dummy,,,,,,,,,,,,
ダミー,ダミー,ダミー,Dummy,Dummy,,,,,,,,,,,,
ダミー,ダミー,ダミー,Dummy,Dummy,,,,,,,,,,,,
ダミー,ダミー,ダミー,Dummy,Dummy,,,,,,,,,,,,
ダミー,ダミー,ダミー,Dummy,Dummy,,,,,,,,,,,,
ダミー,ダミー,ダミー,Dummy,Dummy,,,,,,,,,,,,
ダミー,ダミー,ダミー,Dummy,Dummy,,,,,,,,,,,,
ダミー,ダミー,ダミー,Dummy,Dummy,,,,,,,,,,,,
ダミー,ダミー,ダミー,Dummy,Dummy,,,,,,,,,,,,
ダミー,ダミー,ダミー,Dummy,Dummy,,,,,,,,,,,,
ダミー,ダミー,ダミー,Dummy,Dummy,,,,,,,,,,,,
ダミー,ダミー,ダミー,Dummy,Dummy,,,,,,,,,,,,
ダミー,ダミー,ダミー,Dummy,Dummy,,,,,,,,,,,,
ダミー,ダミー,ダミー,Dummy,Dummy,,,,,,,,,,,,
ダミー,ダミー,ダミー,Dummy,Dummy,,,,,,,,,,,,
ダミー,ダミー,ダミー,Dummy,Dummy,,,,,,,,,,,,
ダミー,ダミー,ダミー,Dummy,Dummy,,,,,,,,,,,,
ダミー,ダミー,ダミー,Dummy,Dummy,,,,,,,,,,,,
ダミー,ダミー,ダミー,Dummy,Dummy,,,,,,,,,,,,
ダミー,ダミー,ダミー,Dummy,Dummy,,,,,,,,,,,,
ダミー,ダミー,ダミー,Dummy,Dummy,,,,,,,,,,,,
ダミー,ダミー,ダミー,Dummy,Dummy,,,,,,,,,,,,
ダミー,ダミー,ダミー,Dummy,Dummy,,,,,,,,,,,,
ダミー,ダミー,ダミー,Dummy,Dummy,,,,,,,,,,,,
ダミー,ダミー,ダミー,Dummy,Dummy,,,,,,,,,,,,
ダミー,ダミー,ダミー,Dummy,Dummy,,,,,,,,,,,,
ダミー,ダミー,ダミー,Dummy,Dummy,,,,,,,,,,,,
ダミー,ダミー,ダミー,Dummy,Dummy,,,,,,,,,,,,
ダミー,ダミー,ダミー,Dummy,Dummy,,,,,,,,,,,,
ダミー,ダミー,ダミー,Dummy,Dummy,,,,,,,,,,,,
ダミー,ダミー,ダミー,Dummy,Dummy,,,,,,,,,,,,
ダミー,ダミー,ダミー,Dummy,Dummy,,,,,,,,,,,,
ダミー,ダミー,ダミー,Dummy,Dummy,,,,,,,,,,,,
ダミー,ダミー,ダミー,Dummy,Dummy,,,,,,,,,,,,
ダミー,ダミー,ダミー,Dummy,Dummy,,,,,,,,,,,,
ダミー,ダミー,ダミー,Dummy,Dummy,,,,,,,,,,,,
ダミー,ダミー,ダミー,Dummy,Dummy,,,,,,,,,,,,
ダミー,ダミー,ダミー,Dummy,Dummy,,,,,,,,,,,,
ダミー,ダミー,ダミー,Dummy,Dummy,,,,,,,,,,,,
ダミー,ダミー,ダミー,Dummy,Dummy,,,,,,,,,,,,
ダミー,ダミー,ダミー,Dummy,Dummy,,,,,,,,,,,,
ダミー,ダミー,ダミー,Dummy,Dummy,,,,,,,,,,,,
ダミー,ダミー,ダミー,Dummy,Dummy,,,,,,,,,,,,
ダミー,ダミー,ダミー,Dummy,Dummy,,,,,,,,,,,,
ダミー,ダミー,ダミー,Dummy,Dummy,,,,,,,,,,,,
ダミー,ダミー,ダミー,Dummy,Dummy,,,,,,,,,,,,
ダミー,ダミー,ダミー,Dummy,Dummy,,,,,,,,,,,,
ダミー,ダミー,ダミー,Dummy,Dummy,,,,,,,,,,,,
ダミー,ダミー,ダミー,Dummy,Dummy,,,,,,,,,,,,
ダミー,ダミー,ダミー,Dummy,Dummy,,,,,,,,,,,,
ダミー,ダミー,ダミー,Dummy,Dummy,,,,,,,,,,,,
ダミー,ダミー,ダミー,Dummy,Dummy,,,,,,,,,,,,
ダミー,ダミー,ダミー,Dummy,Dummy,,,,,,,,,,,,
ダミー,ダミー,ダミー,Dummy,Dummy,,,,,,,,,,,,
ダミー,ダミー,ダミー,Dummy,Dummy,,,,,,,,,,,,
ダミー,ダミー,ダミー,Dummy,Dummy,,,,,,,,,,,,
ダミー,ダミー,ダミー,Dummy,Dummy,,,,,,,,,,,,
ダミー,ダミー,ダミー,Dummy,Dummy,,,,,,,,,,,,
ダミー,ダミー,ダミー,Dummy,Dummy,,,,,,,,,,,,
ダミー,ダミー,ダミー,Dummy,Dummy,,,,,,,,,,,,
ダミー,ダミー,ダミー,Dummy,Dummy,,,,,,,,,,,,
ダミー,ダミー,ダミー,Dummy,Dummy,,,,,,,,,,,,
ダミー,ダミー,ダミー,Dummy,Dummy,,,,,,,,,,,,
ダミー,ダミー,ダミー,Dummy,Dummy,,,,,,,,,,,,
ダミー,ダミー,ダミー,Dummy,Dummy,,,,,,,,,,,,
ダミー,ダミー,ダミー,Dummy,Dummy,,,,,,,,,,,,
ダミー,ダミー,ダミー,Dummy,Dummy,,,,,,,,,,,,
ダミー,ダミー,ダミー,Dummy,Dummy,,,,,,,,,,,,
ダミー,ダミー,ダミー,Dummy,Dummy,,,,,,,,,,,,
ダミー,ダミー,ダミー,Dummy,Dummy,,,,,,,,,,,,
ダミー,ダミー,ダミー,Dummy,Dummy,,,,,,,,,,,,
ダミー,ダミー,ダミー,Dummy,Dummy,,,,,,,,,,,,
ダミー,ダミー,ダミー,Dummy,Dummy,,,,,,,,,,,,
ダミー,ダミー,ダミー,Dummy,Dummy,,,,,,,,,,,,
ダミー,ダミー,ダミー,Dummy,Dummy,,,,,,,,,,,,
ダミー,ダミー,ダミー,Dummy,Dummy,,,,,,,,,,,,
ダミー,ダミー,ダミー,Dummy,Dummy,,,,,,,,,,,,
ダミー,ダミー,ダミー,Dummy,Dummy,,,,,,,,,,,,
ダミー,ダミー,ダミー,Dummy,Dummy,,,,,,,,,,,,
ダミー,ダミー,ダミー,Dummy,Dummy,,,,,,,,,,,,
ダミー,ダミー,ダミー,Dummy,Dummy,,,,,,,,,,,,
ダミー,ダミー,ダミー,Dummy,Dummy,,,,,,,,,,,,
ダミー,ダミー,ダミー,Dummy,Dummy,,,,,,,,,,,,
ダミー,ダミー,ダミー,Dummy,Dummy,,,,,,,,,,,,
ダミー,ダミー,ダミー,Dummy,Dummy,,,,,,,,,,,,
ダミー,ダミー,ダミー,Dummy,Dummy,,,,,,,,,,,,
ダミー,ダミー,ダミー,Dummy,Dummy,,,,,,,,,,,,
ダミー,ダミー,ダミー,Dummy,Dummy,,,,,,,,,,,,
ダミー,ダミー,ダミー,Dummy,Dummy,,,,,,,,,,,,
ダミー,ダミー,ダミー,Dummy,Dummy,,,,,,,,,,,,
ダミー,ダミー,ダミー,Dummy,Dummy,,,,,,,,,,,,
ダミー,ダミー,ダミー,Dummy,Dummy,,,,,,,,,,,,
ダミー,ダミー,ダミー,Dummy,Dummy,,,,,,,,,,,,
ダミー,ダミー,ダミー,Dummy,Dummy,,,,,,,,,,,,
ダミー,ダミー,ダミー,Dummy,Dummy,,,,,,,,,,,,
ダミー,ダミー,ダミー,Dummy,Dummy,,,,,,,,,,,,
ダミー,ダミー,ダミー,Dummy,Dummy,,,,,,,,,,,,
ダミー,ダミー,ダミー,Dummy,Dummy,,,,,,,,,,,,
ダミー,ダミー,ダミー,Dummy,Dummy,,,,,,,,,,,,
ダミー,ダミー,ダミー,Dummy,Dummy,,,,,,,,,,,,
ダミー,ダミー,ダミー,Dummy,Dummy,,,,,,,,,,,,
ダミー,ダミー,ダミー,Dummy,Dummy,,,,,,,,,,,,
ダミー,ダミー,ダミー,Dummy,Dummy,,,,,,,,,,,,
ダミー,ダミー,ダミー,Dummy,Dummy,,,,,,,,,,,,
ダミー,ダミー,ダミー,Dummy,Dummy,,,,,,,,,,,,
ダミー,ダミー,ダミー,Dummy,Dummy,,,,,,,,,,,,
ダミー,ダミー,ダミー,Dummy,Dummy,,,,,,,,,,,,
ダミー,ダミー,ダミー,Dummy,Dummy,,,,,,,,,,,,
ダミー,ダミー,ダミー,Dummy,Dummy,,,,,,,,,,,,
ダミー,ダミー,ダミー,Dummy,Dummy,,,,,,,,,,,,
ダミー,ダミー,ダミー,Dummy,Dummy,,,,,,,,,,,,
ダミー,ダミー,ダミー,Dummy,Dummy,,,,,,,,,,,,
ダミー,ダミー,ダミー,Dummy,Dummy,,,,,,,,,,,,
ダミー,ダミー,ダミー,Dummy,Dummy,,,,,,,,,,,,
ダミー,ダミー,ダミー,Dummy,Dummy,,,,,,,,,,,,
ダミー,ダミー,ダミー,Dummy,Dummy,,,,,,,,,,,,
ダミー,ダミー,ダミー,Dummy,Dummy,,,,,,,,,,,,
ダミー,ダミー,ダミー,Dummy,Dummy,,,,,,,,,,,,
ダミー,ダミー,ダミー,Dummy,Dummy,,,,,,,,,,,,
ダミー,ダミー,ダミー,Dummy,Dummy,,,,,,,,,,,,
ダミー,ダミー,ダミー,Dummy,Dummy,,,,,,,,,,,,
ダミー,ダミー,ダミー,Dummy,Dummy,,,,,,,,,,,,
ダミー,ダミー,ダミー,Dummy,Dummy,,,,,,,,,,,,
ダミー,ダミー,ダミー,Dummy,Dummy,,,,,,,,,,,,
ダミー,ダミー,ダミー,Dummy,Dummy,,,,,,,,,,,,
ダミー,ダミー,ダミー,Dummy,Dummy,,,,,,,,,,,,
ダミー,ダミー,ダミー,Dummy,Dummy,,,,,,,,,,,,
ダミー,ダミー,ダミー,Dummy,Dummy,,,,,,,,,,,,
ダミー,ダミー,ダミー,Dummy,Dummy,,,,,,,,,,,,	
ダミー,ダミー,ダミー,Dummy,Dummy,,,,,,,,,,,,
ダミー,ダミー,ダミー,Dummy,Dummy,,,,,,,,,,,,
ダミー,ダミー,ダミー,Dummy,Dummy,,,,,,,,,,,,
ダミー,ダミー,ダミー,Dummy,Dummy,,,,,,,,,,,,
ダミー,ダミー,ダミー,Dummy,Dummy,,,,,,,,,,,,
ダミー,ダミー,ダミー,Dummy,Dummy,,,,,,,,,,,,
ダミー,ダミー,ダミー,Dummy,Dummy,,,,,,,,,,,,
ダミー,ダミー,ダミー,Dummy,Dummy,,,,,,,,,,,,
ダミー,ダミー,ダミー,Dummy,Dummy,,,,,,,,,,,,
ダミー,ダミー,ダミー,Dummy,Dummy,,,,,,,,,,,,
ダミー,ダミー,ダミー,Dummy,Dummy,,,,,,,,,,,,
ダミー,ダミー,ダミー,Dummy,Dummy,,,,,,,,,,,,
ダミー,ダミー,ダミー,Dummy,Dummy,,,,,,,,,,,,
ダミー,ダミー,ダミー,Dummy,Dummy,,,,,,,,,,,,
ダミー,ダミー,ダミー,Dummy,Dummy,,,,,,,,,,,,
ダミー,ダミー,ダミー,Dummy,Dummy,,,,,,,,,,,,
ダミー,ダミー,ダミー,Dummy,Dummy,,,,,,,,,,,,
ダミー,ダミー,ダミー,Dummy,Dummy,,,,,,,,,,,,
ダミー,ダミー,ダミー,Dummy,Dummy,,,,,,,,,,,,
ダミー,ダミー,ダミー,Dummy,Dummy,,,,,,,,,,,,
ダミー,ダミー,ダミー,Dummy,Dummy,,,,,,,,,,,,
ダミー,ダミー,ダミー,Dummy,Dummy,,,,,,,,,,,,
ダミー,ダミー,ダミー,Dummy,Dummy,,,,,,,,,,,,
ダミー,ダミー,ダミー,Dummy,Dummy,,,,,,,,,,,,
ダミー,ダミー,ダミー,Dummy,Dummy,,,,,,,,,,,,
ダミー,ダミー,ダミー,Dummy,Dummy,,,,,,,,,,,,
ダミー,ダミー,ダミー,Dummy,Dummy,,,,,,,,,,,,
ダミー,ダミー,ダミー,Dummy,Dummy,,,,,,,,,,,,
ダミー,ダミー,ダミー,Dummy,Dummy,,,,,,,,,,,,
ダミー,ダミー,ダミー,Dummy,Dummy,,,,,,,,,,,,
ダミー,ダミー,ダミー,Dummy,Dummy,,,,,,,,,,,,
ダミー,ダミー,ダミー,Dummy,Dummy,,,,,,,,,,,,
ダミー,ダミー,ダミー,Dummy,Dummy,,,,,,,,,,,,
ダミー,ダミー,ダミー,Dummy,Dummy,,,,,,,,,,,,
ダミー,ダミー,ダミー,Dummy,Dummy,,,,,,,,,,,,
ダミー,ダミー,ダミー,Dummy,Dummy,,,,,,,,,,,,
ダミー,ダミー,ダミー,Dummy,Dummy,,,,,,,,,,,,
ダミー,ダミー,ダミー,Dummy,Dummy,,,,,,,,,,,,
ダミー,ダミー,ダミー,Dummy,Dummy,,,,,,,,,,,,
ダミー,ダミー,ダミー,Dummy,Dummy,,,,,,,,,,,,
ダミー,ダミー,ダミー,Dummy,Dummy,,,,,,,,,,,,
ダミー,ダミー,ダミー,Dummy,Dummy,,,,,,,,,,,,
ダミー,ダミー,ダミー,Dummy,Dummy,,,,,,,,,,,,
ダミー,ダミー,ダミー,Dummy,Dummy,,,,,,,,,,,,
ダミー,ダミー,ダミー,Dummy,Dummy,,,,,,,,,,,,
ダミー,ダミー,ダミー,Dummy,Dummy,,,,,,,,,,,,
ダミー,ダミー,ダミー,Dummy,Dummy,,,,,,,,,,,,
ダミー,ダミー,ダミー,Dummy,Dummy,,,,,,,,,,,,
ダミー,ダミー,ダミー,Dummy,Dummy,,,,,,,,,,,,
ダミー,ダミー,ダミー,Dummy,Dummy,,,,,,,,,,,,
ダミー,ダミー,ダミー,Dummy,Dummy,,,,,,,,,,,,
ダミー,ダミー,ダミー,Dummy,Dummy,,,,,,,,,,,,
ダミー,ダミー,ダミー,Dummy,Dummy,,,,,,,,,,,,
ダミー,ダミー,ダミー,Dummy,Dummy,,,,,,,,,,,,
ダミー,ダミー,ダミー,Dummy,Dummy,,,,,,,,,,,,
ダミー,ダミー,ダミー,Dummy,Dummy,,,,,,,,,,,,
ダミー,ダミー,ダミー,Dummy,Dummy,,,,,,,,,,,,
ダミー,ダミー,ダミー,Dummy,Dummy,,,,,,,,,,,,
ダミー,ダミー,ダミー,Dummy,Dummy,,,,,,,,,,,,
ダミー,ダミー,ダミー,Dummy,Dummy,,,,,,,,,,,,
ダミー,ダミー,ダミー,Dummy,Dummy,,,,,,,,,,,,
ダミー,ダミー,ダミー,Dummy,Dummy,,,,,,,,,,,,
ダミー,ダミー,ダミー,Dummy,Dummy,,,,,,,,,,,,
ダミー,ダミー,ダミー,Dummy,Dummy,,,,,,,,,,,,
ダミー,ダミー,ダミー,Dummy,Dummy,,,,,,,,,,,,
ダミー,ダミー,ダミー,Dummy,Dummy,,,,,,,,,,,,
ダミー,ダミー,ダミー,Dummy,Dummy,,,,,,,,,,,,
ダミー,ダミー,ダミー,Dummy,Dummy,,,,,,,,,,,,
ダミー,ダミー,ダミー,Dummy,Dummy,,,,,,,,,,,,
ダミー,ダミー,ダミー,Dummy,Dummy,,,,,,,,,,,,
ダミー,ダミー,ダミー,Dummy,Dummy,,,,,,,,,,,,
ダミー,ダミー,ダミー,Dummy,Dummy,,,,,,,,,,,,
ダミー,ダミー,ダミー,Dummy,Dummy,,,,,,,,,,,,
ダミー,ダミー,ダミー,Dummy,Dummy,,,,,,,,,,,,
ダミー,ダミー,ダミー,Dummy,Dummy,,,,,,,,,,,,
ダミー,ダミー,ダミー,Dummy,Dummy,,,,,,,,,,,,
ダミー,ダミー,ダミー,Dummy,Dummy,,,,,,,,,,,,
ダミー,ダミー,ダミー,Dummy,Dummy,,,,,,,,,,,,
ダミー,ダミー,ダミー,Dummy,Dummy,,,,,,,,,,,,
ダミー,ダミー,ダミー,Dummy,Dummy,,,,,,,,,,,,
ダミー,ダミー,ダミー,Dummy,Dummy,,,,,,,,,,,,
ダミー,ダミー,ダミー,Dummy,Dummy,,,,,,,,,,,,
ダミー,ダミー,ダミー,Dummy,Dummy,,,,,,,,,,,,
ダミー,ダミー,ダミー,Dummy,Dummy,,,,,,,,,,,,
ダミー,ダミー,ダミー,Dummy,Dummy,,,,,,,,,,,,
ダミー,ダミー,ダミー,Dummy,Dummy,,,,,,,,,,,,
ダミー,ダミー,ダミー,Dummy,Dummy,,,,,,,,,,,,
ダミー,ダミー,ダミー,Dummy,Dummy,,,,,,,,,,,,
ダミー,ダミー,ダミー,Dummy,Dummy,,,,,,,,,,,,
ダミー,ダミー,ダミー,Dummy,Dummy,,,,,,,,,,,,
ダミー,ダミー,ダミー,Dummy,Dummy,,,,,,,,,,,,
ダミー,ダミー,ダミー,Dummy,Dummy,,,,,,,,,,,,
ダミー,ダミー,ダミー,Dummy,Dummy,,,,,,,,,,,,
ダミー,ダミー,ダミー,Dummy,Dummy,,,,,,,,,,,,
ダミー,ダミー,ダミー,Dummy,Dummy,,,,,,,,,,,,
ダミー,ダミー,ダミー,Dummy,Dummy,,,,,,,,,,,,
ダミー,ダミー,ダミー,Dummy,Dummy,,,,,,,,,,,,
ダミー,ダミー,ダミー,Dummy,Dummy,,,,,,,,,,,,
ダミー,ダミー,ダミー,Dummy,Dummy,,,,,,,,,,,,
ダミー,ダミー,ダミー,Dummy,Dummy,,,,,,,,,,,,
ダミー,ダミー,ダミー,Dummy,Dummy,,,,,,,,,,,,
ダミー,ダミー,ダミー,Dummy,Dummy,,,,,,,,,,,,
ダミー,ダミー,ダミー,Dummy,Dummy,,,,,,,,,,,,
ダミー,ダミー,ダミー,Dummy,Dummy,,,,,,,,,,,,
ダミー,ダミー,ダミー,Dummy,Dummy,,,,,,,,,,,,
ダミー,ダミー,ダミー,Dummy,Dummy,,,,,,,,,,,,
ダミー,ダミー,ダミー,Dummy,Dummy,,,,,,,,,,,,
ダミー,ダミー,ダミー,Dummy,Dummy,,,,,,,,,,,,
ダミー,ダミー,ダミー,Dummy,Dummy,,,,,,,,,,,,
ダミー,ダミー,ダミー,Dummy,Dummy,,,,,,,,,,,,
ダミー,ダミー,ダミー,Dummy,Dummy,,,,,,,,,,,,
ダミー,ダミー,ダミー,Dummy,Dummy,,,,,,,,,,,,
ダミー,ダミー,ダミー,Dummy,Dummy,,,,,,,,,,,,
ダミー,ダミー,ダミー,Dummy,Dummy,,,,,,,,,,,,
ダミー,ダミー,ダミー,Dummy,Dummy,,,,,,,,,,,,
ダミー,ダミー,ダミー,Dummy,Dummy,,,,,,,,,,,,
ダミー,ダミー,ダミー,Dummy,Dummy,,,,,,,,,,,,
ダミー,ダミー,ダミー,Dummy,Dummy,,,,,,,,,,,,
ダミー,ダミー,ダミー,Dummy,Dummy,,,,,,,,,,,,
ダミー,ダミー,ダミー,Dummy,Dummy,,,,,,,,,,,,
ダミー,ダミー,ダミー,Dummy,Dummy,,,,,,,,,,,,
ダミー,ダミー,ダミー,Dummy,Dummy,,,,,,,,,,,,
ダミー,ダミー,ダミー,Dummy,Dummy,,,,,,,,,,,,
ダミー,ダミー,ダミー,Dummy,Dummy,,,,,,,,,,,,
ダミー,ダミー,ダミー,Dummy,Dummy,,,,,,,,,,,,
ダミー,ダミー,ダミー,Dummy,Dummy,,,,,,,,,,,,
ダミー,ダミー,ダミー,Dummy,Dummy,,,,,,,,,,,,
ダミー,ダミー,ダミー,Dummy,Dummy,,,,,,,,,,,,
ダミー,ダミー,ダミー,Dummy,Dummy,,,,,,,,,,,,
ダミー,ダミー,ダミー,Dummy,Dummy,,,,,,,,,,,,
ダミー,ダミー,ダミー,Dummy,Dummy,,,,,,,,,,,,
ダミー,ダミー,ダミー,Dummy,Dummy,,,,,,,,,,,,
ダミー,ダミー,ダミー,Dummy,Dummy,,,,,,,,,,,,
ダミー,ダミー,ダミー,Dummy,Dummy,,,,,,,,,,,,
ダミー,ダミー,ダミー,Dummy,Dummy,,,,,,,,,,,,
ダミー,ダミー,ダミー,Dummy,Dummy,,,,,,,,,,,,
ダミー,ダミー,ダミー,Dummy,Dummy,,,,,,,,,,,,
ダミー,ダミー,ダミー,Dummy,Dummy,,,,,,,,,,,,
ダミー,ダミー,ダミー,Dummy,Dummy,,,,,,,,,,,,
ダミー,ダミー,ダミー,Dummy,Dummy,,,,,,,,,,,,
ダミー,ダミー,ダミー,Dummy,Dummy,,,,,,,,,,,,
ダミー,ダミー,ダミー,Dummy,Dummy,,,,,,,,,,,,
ダミー,ダミー,ダミー,Dummy,Dummy,,,,,,,,,,,,
ダミー,ダミー,ダミー,Dummy,Dummy,,,,,,,,,,,,
ダミー,ダミー,ダミー,Dummy,Dummy,,,,,,,,,,,,
ダミー,ダミー,ダミー,Dummy,Dummy,,,,,,,,,,,,
ダミー,ダミー,ダミー,Dummy,Dummy,,,,,,,,,,,,
ダミー,ダミー,ダミー,Dummy,Dummy,,,,,,,,,,,,
ダミー,ダミー,ダミー,Dummy,Dummy,,,,,,,,,,,,
ダミー,ダミー,ダミー,Dummy,Dummy,,,,,,,,,,,,
ダミー,ダミー,ダミー,Dummy,Dummy,,,,,,,,,,,,
ダミー,ダミー,ダミー,Dummy,Dummy,,,,,,,,,,,,
ダミー,ダミー,ダミー,Dummy,Dummy,,,,,,,,,,,,
ダミー,ダミー,ダミー,Dummy,Dummy,,,,,,,,,,,,
ダミー,ダミー,ダミー,Dummy,Dummy,,,,,,,,,,,,
ダミー,ダミー,ダミー,Dummy,Dummy,,,,,,,,,,,,
ダミー,ダミー,ダミー,Dummy,Dummy,,,,,,,,,,,,
ダミー,ダミー,ダミー,Dummy,Dummy,,,,,,,,,,,,
ダミー,ダミー,ダミー,Dummy,Dummy,,,,,,,,,,,,
ダミー,ダミー,ダミー,Dummy,Dummy,,,,,,,,,,,,
ダミー,ダミー,ダミー,Dummy,Dummy,,,,,,,,,,,,
ダミー,ダミー,ダミー,Dummy,Dummy,,,,,,,,,,,,
ダミー,ダミー,ダミー,Dummy,Dummy,,,,,,,,,,,,
ダミー,ダミー,ダミー,Dummy,Dummy,,,,,,,,,,,,
ダミー,ダミー,ダミー,Dummy,Dummy,,,,,,,,,,,,
ダミー,ダミー,ダミー,Dummy,Dummy,,,,,,,,,,,,
ダミー,ダミー,ダミー,Dummy,Dummy,,,,,,,,,,,,
ダミー,ダミー,ダミー,Dummy,Dummy,,,,,,,,,,,,
ダミー,ダミー,ダミー,Dummy,Dummy,,,,,,,,,,,,
ダミー,ダミー,ダミー,Dummy,Dummy,,,,,,,,,,,,
ダミー,ダミー,ダミー,Dummy,Dummy,,,,,,,,,,,,