kanjiName,longKanaName,shortKanaName,longRomajiName,shortRomajiName
ダミー,ダミー,ダミー,Damii,Damii
円堂 守,えんどう まもる,えんどう,Endou Mamoru,Endou
風丸 一郎太,かぜまる いちろうた,かぜまる,Kazemaru Ichirouta,Kazemaru
壁山 塀吾郎,かべやま へいごろう,かべやま,Kabeyama Heigorou,Kabeyama
影野 仁,かげの じん,じん,Kageno Jin,Jin
栗松 鉄平,くりまつ てっぺい,くりまつ,Kurimatsu Teppei,Kurimatsu
半田 真一,はんだ しんいち,はんだ,Handa Shinichi,Handa
少林寺 歩,しょうりんじ あゆむ,しょうりん,Shourinji Ayumu,Shourin
宍戸 佐吉,ししど さきち,ししど,Shishido Sakichi,Shishido
松野 空介,まつの くうすけ,マックス,Matsuno Kuusuke,Makkusu
豪炎寺 修也,ごうえんじ しゅうや,ごうえんじ,Gouenji Shuuya,Gouenji
染岡 竜吾,そめおか りゅうご,そめおか,Someoka Ryuugo,Someoka
目金 欠流,めがね かける,メガネ,Megane Kakeru,Megane
雷門 夏未,らいもん なつみ,なつみ,Raimon Natsumi,Natsumi
音無 春奈,おとなし はるな,おとなし,Otonashi Haruna,Otonashi
木野 秋,きの あき,きの,Kino Aki,Kino
中元,なかもと,なかもと,Nakamoto,Nakamoto
佐藤,さとう,さとう,Satou,Satou
池山,いけやま,いけやま,Ikeyama,Ikeyama
冬海 卓,ふゆかい すぐる,ふゆかい,Fuyukai Suguru,Fuyukai
源田 幸次郎,げんだ こうじろう,げんおう,Genda Koujirou,Genou
大野 伝助,おおの でんすけ,だいでん,Oono Densuke,Daiden
万丈 一道,ばんじょう かずみち,ばんじょう,Banjou Kazumichi,Banjou
成神 健也,なるかみ けんや,なるかみ,Narukami Kenya,Narukami
五条 勝,ごじょう まさる,ごじょう,Gojou Masaru,Gojou
辺見 渡,へんみ わたる,へんみ,Henmi Wataru,Henmi
咲山 修二,さきやま しゅうじ,さきやま,Sakiyama Shuuji,Sakiyama
洞面 秀一郎,どうめん しゅういちろう,どうめん,Doumen Shuuichirou,Doumen
寺門 大貴,じもん だいき,じもん,Jimon Daiki,Jimon
鬼道 有人,きどう ゆうと,きどう,Kidou Yuuto,Kidou
佐久間 次郎,さくま じろう,さくま,Sakuma Jirou,Sakuma
兵藤 雄平,ひょうどう ゆうへい,ひょうどう,Hyoudou Yuuhei,Hyoudou
恵那 和樹,えな かずき,えな,Ena Kazuki,Ena
椋本 圭,むくもと けい,むくもと,Mukumoto Kei,Mukumoto
渋木 翔大,しぶき しょうだい,しぶき,Shibuki Shoudai,Shibuki
大楠 星士,おおくす せいじ,おおくす,Ookusu Seiji,Ookusu
鉈 十三,なた じゅうぞう,じゅうぞう,Nata Juuzou,Juuzou
三途 渡,さんず わたる,さんず,Sanzu Wataru,Sanzu
柳田 しげる,やなぎだ しげる,やなぎだ,Yanagida Shigeru,Yanagida
不乱 拳,ふらん けん,フランケン,Furan Ken,Furanken
屍 藤美,しかばね ふじみ,ふじみ,Shikabane Fujimi,Fujimi
霊幻 道久,れいげん みちひさ,れいげん,Reigen Michihisa,Reigen
木乃伊 魔美,きのい まみ,ミイラ,Kinoi Mami,Miira
八墓 祟,やつはか たたる,やつはか,Yatsuhaka Tataru,Yatsuhaka
幽谷 博之,ゆうこく ひろゆき,ゆうこく,Yuukoku Hiroyuki,Yuukoku
月村 憲一,つきむら けんいち,つきむら,Tsukimura Kenichi,Tsukimura
武羅渡 牙,ぶらど きば,ブラッド,Burado Kiba,Buraddo
不死 祀,ふし まつる,ふし,Fushi Matsuru,Fushi
人形 幻,ひとがた げん,にんぎょう,Hitogata Gen,Ningyou
円谷 未知,つぶらや みち,つぶらや,Tsuburaya Michi,Tsuburaya
黒上 呪,くろがみ のろい,くろがみ,Kurogami Noroi,Kurogami
魔界 崇雄,まかい たかお,まかい,Makai Takao,Makai
猪口 兵吾,いのくち ひょうご ,イノシシ,Inokuchi Hyougo,Inoshishi
鶏井 亮太,とりい りょうた,ニワトリ,Torii Ryouta,Niwatori
魚住 拓人,うおずみ たくと,サカナ,Uozumi Takuto,Sakana
蛙田 達士,かえるだ たつひと,カエル,Kaeruda Tatsuhito,Kaeru
獅子王 吼,ししおう こう,ライオン,Shishiou Kou,Raion
香芽 レオン,かめ れおん,カメレオン,Kame Reon,Kamereon
大鷲 誠次,おおわし せいじ,ワシ,Oowashi Seiji,Washi
猿田 登,さるた のぼる,サル,Saruta Noboru,Saru
五利 真吾,ごり しんご,ゴリラ,Gori Shingo,Gorira
蛇丸 彰真,へびまる しょうま,ヘビ,Hebimaru Shouma,Hebi
水前寺 馳威太,すいぜんじ ちいた,チーター,Suizenji Chiita,Chiitaa
小荒 登,こあら のぼる,コアラ,Koara Noboru,Koara
判 竹夫,ばん たけお,パンダ,Ban Takeo,Panda
荒井川 熊巳,あらいがわ くまみ,アライグマ,Araigawa Kumami,Araiguma
根津 光夫,ねず みつお,ネズミ,Nezu Mitsuo,Nezumi
牛尾 空也,うしお くうや,ウシ,Ushio Kuuya,Ushi
杉森 威,すぎもり たけし,たけし,Sugimori Takeshi,Takeshi
弘山 誘,ひろやま ゆう,ゆう,Hiroyama Yuu,Yuu
花岡 強,はなおか つよし,つよし,Hanaoka Tsuyoshi,Tsuyoshi
室伏 恐,むろぶし きょう,きょう,Murobushi Kyou,Kyou
稲田 則,いなだ のり,のり,Inada Nori,Nori
寺川 巌,てらかわ いわお,いわお,Terakawa Iwao,Iwao
藤丸 啓,ふじまる けい,けい,Fujimaru Kei,Kei
山郷 暴,さんごう ばく,ばく,Sangou Baku,Baku
山岸 迫,やまぎし せり,せり,Yamagishi Seri,Seri
大部 信,おおべ しん,しん,Oobe Shin,Shin
下鶴 改,しもづる あらた,あらた,Shimozuru Arata,Arata
真下 乏,ましも とぼし,ましも,Mashimo Toboshi,Mashimo
都築 静,つづき しずか,つづき,Tsuzuki Shizuka,Tsuzuki
平生 仁,ひらお じん,ひらお,Hirao Jin,Hirao
長友 喪,ながとも そう,ながとも,Nagatomo Sou,Nagatomo
水淵 無,みずぶち なし,みずぶち,Mizubuchi Nashi,Mizubuchi
相戸留 捜,あいどる そう ,アイドル,Aidoru Sou,Aidoru
線路 鉄雄,すじみち てつお,てっちゃん,Sujimichi Tetsuo,Tecchan
野部流 来人,のべる らいと,ノベル,Noberu Raito,Noberu
無敵 英雄,むてき ひでお,ヒーロー,Muteki Hideo,Hiiroo
仮沢 装,かりさわ そう,コスプレ,Karisawa Sou,Kosupure
御良 一輝,おんら いつき,オンライン,Onra Itsuki,Onrain
自作 派流 ,おのとも はる,じさくは,Onotomo Haru,Jisakuha
呂簿 合機,ろぼ ごうき,ロボ,Robo Gouki,Robo
芸夢 好武,げいむ このむ,ゲームき,Geimu Konomu,Geemuki
漫画 萌,まんが もえ,まんがか,Manga Moe,Mangaka
明井戸 達人,あけいと たつひと,アーケード,Akeito Tatsuhito,Aakeedo
木内 努,きうち つとむ,きうち,Kiuchi Tsutomu,Kiuchi
造形 製雄,ぞうけい さくお,フィギュア,Zoukei Sakuo,Figyua
闘馬 草太,とうま そうた,とうま,Touma Souta,Touma
声模 索太,せいも さくた,せいゆう,Seimo Sakuta,Seiyuu
熱斗 探李,ねっと さぐり,ネット,Netto Saguri,Netto
百地 三太,ももち さんた,ももち,Momochi Santa,Momochi
藤林 長門,ふじばやし ながと,ふじばやし,Fujibayashi Nagato,Fujibayashi
高坂 仁,こうさか じん,こうさか,Kousaka Jin,Kousaka
児雷也 蟇助,じらいや がますけ,じらいや,Jiraiya Gamasuke,Jiraiya
石川 五衛太,いしかわ ごえた,ゴエモン,Ishikawa Goeta,Goemon
風魔 小平太,ふうま こへいた,ふうま,Fuuma Koheita,Fuuma
甲賀 幻,こうが げん,こうが,Kouga Gen,Kouga
猿飛 佐之助,さるとび さのすけ,さるとび,Sarutobi Sanosuke,Sarutobi
柳生 十郎,やぎゅう じゅうろう,やぎゅう,Yagyuu Juurou,Yagyuu
初鳥 伴三,はつとり はんぞう,はつとり,Hatsutori Hanzou,Hatsutori
霧隠 才次,きりがくれ さいじ,きりがくれ,Kirigakure Saiji,Kirigakure
鉢屋 也三郎,はちや やさぶろう,はちや,Hachiya Yasaburou,Hachiya
加藤 段,かとう だん,かとう,Katou Dan,Katou
出浦 清盛,いでうら きよもり,いでうら,Ideura Kiyomori,Ideura
滝川 一馬,たきがわ かずま,たきがわ,Takigawa Kazuma,Takigawa
城戸 弥門,きど やもん ,きど,Kido Yamon,Kido
綾野 勇一,あやの ゆういち,あやの,Ayano Yuuichi,Ayano
炭野 詠輔,すみの えいすけ,すみの,Sumino Eisuke,Sumino
芹沢 和憲,せりざわ かずのり,せりざわ,Serizawa Kazunori,Serizawa
牧谷 寛,まきや ひろし,まきや,Makiya Hiroshi,Makiya
塩谷 ヒロ,しおたに ひろ,しおたに,Shiotani Hiro,Shiotani
山根 羊,やまね よう,やまね,Yamane You,Yamane
育井 庄児,いくい しょうじ,いくい,Ikui Shouji,Ikui
大鯉 昇,おおごい のぼる,おおごい,Oogoi Noboru,Oogoi
原野 徹,はらの とおる,はらの,Harano Tooru,Harano
根上 大地,ねがみ だいち,だいち,Negami Daichi,Daichi
田主丸 茂樹,たぬしまる しげき,たぬしまる,Tanushimaru Shigeki,Tanushimaru
草生 久志,くさお ひさし,くさお,Kusao Hisashi,Kusao
米山 植人,よねやま うえひと,よねやま,Yoneyama Uehito,Yoneyama
犬飼 茂樹,いぬかい しげき,いぬかい,Inukai Shigeki,Inukai
福井 咲平,ふくい さくへい,ふくい,Fukui Sakuhei,Fukui
富士 地洋,ふじ ちひろ,ふじ,Fuji Chihiro,Fuji
軟山 弱,なんざん よわみ,なんざん,Nanzan Yowami,Nanzan
西垣 守,にしがき まもる,にしがき,Nishigaki Mamoru,Nishigaki
女川 映日,めがわ あきひ,めがわ,Megawa Akihi,Megawa
光宗 団,みつむね だん,みつむね,Mitsumune Dan,Mitsumune
黒部 立樹,くろべ りつき,くろべ,Kurobe Ritsuki,Kurobe
跳山 段,とびやま だん,とびやま,Tobiyama Dan,Tobiyama
屋形 直人,やかた なおと,やかた,Yakata Naoto,Yakata
茂木 沙樹都,もぎ さきと,もぎ,Mogi Sakito,Mogi
武方 勝,むかた まさる,まさる,Mukata Masaru,Masaru
武方 友,むかた とも,とも,Mukata Tomo,Tomo
武方 努,むかた つとむ,つとむ,Mukata Tsutomu,Tsutomu
段堂 正憲,だんどう まさのり,だんどう,Dandou Masanori,Dandou
深沢 念司,ふかざわ ねんじ,ふかざわ,Fukazawa Nenji,Fukazawa
守野 優一,まもりの ゆういち,まもりの,Mamorino Yuuichi,Mamorino
中井 陽介,なかい ようすけ,なかい,Nakai Yousuke,Nakai
石井 清気,いしい せいき,いしい,Ishii Seiki,Ishii
歩星 呑一,ぽせい どんいち,ポセイドン,Posei Donichi,Poseidon
阿保露 光,あぽろ ひかる,アポロン,Aporo Hikaru,Aporon
部灰 炎,へぱい えん,ヘパイス,Hepai En,Hepaisu
荒須 乱,あれす らん,アレス,Aresu Ran,Aresu
手魚 激 ,でいお げき,ディオ,Deio Geki,Dio
在手 実弓,あるて さねき,アルテミス,Arute Saneki,Arutemisu
経目 須商,へるめ まつあき,ヘルメス,Herume Matsuaki,Herumesu
明天名 智,あてな とも,アテナ,Atena Tomo,Atena
出右手 豊,でめて ゆたか,デメテル,Demete Yutaka,Demeteru
亜風炉 照美,あふろ てるみ,アフロディ,Afuro Terumi,Afurodi
平良 貞,へら ただし,ヘラ,Hera Tadashi,Hera
位家 路主,いか みちゆき,イカロス,Ika Michiyuki,Ikarosu
安芸 玲須,あき たままつ,アキレス,Aki Tamamatsu,Akiresu
経洛 玲州,へらく れす,ヘラクレス,Heraku Resu,Herakuresu
黒野 時夫,くろの ときお,クロノス,Kurono Tokio,Kuronosu
目戸 宇左,めど うさ,メドゥーサ,Medo Usa,Meduusa
宗像 大翔,むなかた ひろと,ひろと,Munakata Hiroto,Hiroto
英山 海人,ひでやま かいと,かいと,Hideyama Kaito,Kaito
北垣 亮太,きたがき りょうた,りょうた,Kitagaki Ryouta,Ryouta
瀬島 樹,せじま いつき,いつき,Sejima Itsuki,Itsuki
新竹 颯太,しんたけ そうた,そうた,Shintake Souta,Souta
池尻 陽,いけじり はる,はる,Ikejiri Haru,Haru
寺坂 響,てらさか ひびき,てらさか,Terasaka Hibiki,Terasaka
興津 蒼空,こうず そら,そら,Kouzu Sora,Sora
間 竜介,はざま りゅうすけ,りゅうすけ,Hazama Ryuusuke,Ryuusuke
森元 陸斗,もりもと りくと,りくと,Morimoto Rikuto,Rikuto
如月 まこ,きさらぎ まこ,まこ,Kisaragi Mako,Mako
青島 薫,あおしま かおる,あおしま,Aoshima Kaoru,Aoshima
甘井 一哉,あまい かずや,あまい,Amai Kazuya,Amai
平田 兼,ひらた けん,ひらた,Hirata Ken,Hirata
長谷部 精児,はせべ せいじ,はせべ,Hasebe Seiji,Hasebe
巨島 祐一,おおしま ゆういち,おおしま,Ooshima Yuuichi,Ooshima
生垣 冗,いけがき じょう,じょう,Ikegaki Jou,Jou
姫島 極,ひめじま きわむ,ひめじま,Himejima Kiwamu,Himejima
菊池 康志,きくち やすし,きくち,Kikuchi Yasushi,Kikuchi
野馬 運,のま はこぶ,のま,Noma Hakobu,Noma
向山 恭吾,むかいやま きょうご,むかいやま,Mukaiyama Kyougo,Mukaiyama
茶木 椎斗,ちゃき しいと,ちゃき,Chaki Shiito,Chaki
加納 輪介,かのう りんすけ,かのう,Kanou Rinsuke,Kanou
立野 誠一,たちの せいいち,たちの,Tachino Seiichi,Tachino
出前 洋,いでまえ よう,でまえ,Idemae You,Demae
安永 英嗣,やすなが ひでつぐ,やすなが,Yasunaga Hidetsugu,Yasunaga
水口 精司,みずぐち せいじ,みずぐち,Mizuguchi Seiji,Mizuguchi
堤 広司,つつみ こうじ,つつみ,Tsutsumi Kouji,Tsutsumi
友岡 愛斗,ともおか なると,ともおか,Tomooka Naruto,Tomooka
丸出 為夫,まるで ためお,まるで,Marude Tameo,Marude
石崎 満,いしざき みつる,いしざき,Ishizaki Mitsuru,Ishizaki
小塚 勇介,こづか ゆうすけ,こづか,Kozuka Yuusuke,Kozuka
八百野 スミ子,やおの すみこ,やおの,Yaono Sumiko,Yaono
筆山 トメ,ふでやま とめ,トメ,Fudeyama Tome,Tome
大玉 好美,おおたま このみ,おおたま,Ootama Konomi,Ootama
骨盤 整,ほねまる ひとし,こつばん,Honemaru Hitoshi,Kotsuban
執刀 直,しっとう なお,しっとう,Shittou Nao,Shittou
立見 律子,たちみ りつこ,りつこ,Tachimi Ritsuko,Ritsuko
店街 隠典,みせまち やすのり,ごいんきょ,Misemachi Yasunori,Goinkyo
歌川 誠,うたがわ まこと,うたがわ,Utagawa Makoto,Utagawa
如月 沙理奈,きさらぎ さりな,サリー,Kisaragi Sarina,Sarii
三河屋 三郎,みかわや さぶろう,サブちゃん,Mikawaya Saburou,Sabuchan
符呂暮 岩生,ぷろぐれ いわお,プログレ,Purogure Iwao,Purogure
家守 優司,いえもり ゆうじ,いえもり,Iemori Yuuji,Iemori
戎 正義,えびす まさよし,えびす,Ebisu Masayoshi,Ebisu
生地 釜雄,いくじ かまお ,いくじ,Ikuji Kamao,Ikuji
衛士 展也,えじ のぶや,えじ,Eji Nobuya,Eji
田辺 さやか,たなべ さやか,さやか,Tanabe Sayaka,Sayaka
響木 正剛,ひびき せいごう,ひびき,Hibiki Seigou,Hibiki
浮島 一人,うきしま かずと,うきしま,Ukishima Kazuto,Ukishima
髪村 切斗,かみむら きりと,かみむら,Kamimura Kirito,Kamimura
会田 力,あいだ ちから,あいだ,Aida Chikara,Aida
場寅 仕,ばとら まなぶ,バトラー,Batora Manabu,Batoraa
中間 庸,なかま よう,なかま,Nakama You,Nakama
碇 頑五郎,いかり げんごろう,いかり,Ikari Gengorou,Ikari
定良 保,ていら たもつ,テーラー,Teira Tamotsu,Teeraa
民山 謡,たみやま よう,マスター,Tamiyama You,Masutaa
菅田 厳,すがた いわお,すがた,Sugata Iwao,Sugata
備流田 光一,びるだ こういち,ビルダー,Biruda Kouichi,Birudaa
国木田 俳人,くにきだ はいと,はいじん,Kunikida Haito,Haijin
道場 亮治,みちば りょうじ,みちば,Michiba Ryouji,Michiba
土盛 工司,つちもり こうじ,こうじ,Tsuchimori Kouji,Kouji
賭山 流,かけやま りゅう,かけやま,Kakeyama Ryuu,Kakeyama
厚田 直,あつた なお,あつた,Atsuta Nao,Atsuta
レイトン,レイトン,レイトン,Reiton,Reiton
ルーク,ルーク,ルーク,Ruuku,Ruuku
アンソニー,アンソニー,アンソニー,Ansonii,Ansonii
ドンポール,ドンポール,ドンポール,Donpooru,Donpooru
アロマ,アロマ,アロマ,Aroma,Aroma
チェルミー,チェルミー,チェルミー,Cerumii,Cerumii
速水 真刃,はやみ まっは,マッハ,Hayami Mahha,Mahha
黄田 嵐,おうだ あらし,おうだ,Ouda Arashi,Ouda
兜 角雄,かぶと すみお,かぶと,Kabuto Sumio,Kabuto
調 半次,しらべ はんじ,しらべ,Shirabe Hanji,Shirabe
玄武 冬樹,げんぶ ふゆき,げんぶ,Genbu Fuyuki,Genbu
土野 小太郎,つちの こたろう,つちの,Tsuchino Kotarou,Tsuchino
蝶野 真宇,ちょうの まう,ちょうの,Chouno Mau,Chouno
前田 剛,まえだ ごう,ごう,Maeda Gou,Gou
槍野 育生,やりの いくお,やりの,Yarino Ikuo,Yarino
彩雲 強,さいうん つよし,さいうん,Saiun Tsuyoshi,Saiun
桑形 刃,くわがた やいば,くわがた,Kuwagata Yaiba,Kuwagata
矢野 球児,やの きゅうじ,きゅうじ,Yano Kyuuji,Kyuuji
伊能 忠,いのう ちゅう,いのう,Inou Chuu,Inou
団土 弾,だんど だん,だん,Dando Dan,Dan
雷鳴 仁,らいめい じん,らいめい,Raimei Jin,Raimei
有海 直央,あるみ なお,アルミ,Arumi Nao,Arumi
大久保 俊生,おおくぼ としお,おおくぼ,Ookubo Toshio,Ookubo
小手川 練,こてがわ れん,こてがわ,Kotegawa Ren,Kotegawa
亀田 ぽん太,かめだ ぽんた,ぽんた,Kameda Ponta,Ponta
羽生 辰巳,はぶ たつみ,はぶ,Habu Tatsumi,Habu
高杉 晋太郎,たかすぎ しんたろう,たかすぎ,Takasugi Shintarou,Takasugi
楠木 昌成,くすのき まさなり,くすのき,Kusunoki Masanari,Kusunoki
信濃 望,しなの のぞむ,しなの,Shinano Nozomu,Shinano
伊賀 栗之助,いが くりのすけ,いが,Iga Kurinosuke,Iga
鎌井 達夫,かまい たつお,かまい,Kamai Tatsuo,Kamai
那須 与一,なす よいち,よいち,Nasu Yoichi,Yoichi
金剛 新,こんごう あらた,こんごう,Kongou Arata,Kongou
風吹 拓斗,ふぶき たくと,ふぶき,Fubuki Takuto,Fubuki
鎌桐 蒼人,かまきり あおと,かまきり,Kamakiri Aoto,Kamakiri
毛利 元気,もうり げんき,もうり,Mouri Genki,Mouri
写楽 庄司,しゃらく しょうじ,しゃらく,Sharaku Shouji,Sharaku
定規 頑,さだのり いわお,じょうぎ,Sadanori Iwao,Jougi
東 昇,ひがし のぼる,ひがし,Higashi Noboru,Higashi
羅城門 藤次,らじょうもん とうじ,らじょう,Rajoumon Touji,Rajou
西郷 隆,さいごう たかし,さいごう,Saigou Takashi,Saigou
坂本 良,さかもと りょう,さかもと,Sakamoto Ryou,Sakamoto
師走 洋次,しわす ようじ,しわす,Shiwasu Youji,Shiwasu
布袋 一人,ほてい かずと,ほてい,Hotei Kazuto,Hotei
蜂須賀 シン,はちすが しん,はちすが,Hachisuga Shin,Hachisuga
三国 賢士,みくに さとし,みくに,Mikuni Satoshi,Mikuni
石倉 輝信,いしくら あきのぶ,いしくら,Ishikura Akinobu,Ishikura
風来 康太,ふうらい こうた,ふうらい,Fuurai Kouta,Fuurai
海皇 星児,かいおう せいじ,かいおう,Kaiou Seiji,Kaiou
阿蘇 燃,あそ もゆる,あそ,Aso Moyuru,Aso
冷泉 錐,れいぜん すい,れいぜん,Reizen Sui,Reizen
向日葵 まこと,ひまわり まこと,ひまわり,Himawari Makoto,Himawari
三宅 力丸,みやけ りきまる,りきまる,Miyake Rikimaru,Rikimaru
常磐 勝男,ときわ かつお,かつお,Tokiwa Katsuo,Katsuo
龍野 寵児,りゅうの ちょうじ,りゅうの,Ryuuno Chouji,Ryuuno
卯月 一,うづき はじめ,うづき,Uzuki Hajime,Uzuki
近藤 勇夫,こんどう いさお,こんどう,Kondou Isao,Kondou
千手 孝史,せんじゅ たかし,せんじゅ,Senju Takashi,Senju
富良野 紫苑,ふらの しおん,ふらの,Furano Shion,Furano
宇院 武流人,ういん ぶると,ういん,Uin Buruto,Uin
勝 海次,かつ かいじ,かつ,Katsu Kaiji,Katsu
紫電 戒,しでん かい,シデン,Shiden Kai,Shiden
聖徳 泰治,しょうとく たいじ,しょうとく,Shoutoku Taiji,Shoutoku
成田 覚,なりた さとし,なりた,Narita Satoshi,Narita
雷電 真太郎,らいでん しんたろう,らいでん,Raiden Shintarou,Raiden
大矢 慢太郎,おおや まんたろう,おおや,Ooya Mantarou,Ooya
中山 律,なかやま りつ,なかやま,Nakayama Ritsu,Nakayama
秋水 貴之,しゅうすい たかゆき,しゅうすい,Shuusui Takayuki,Shuusui
赤川 翼,あかがわ つばさ,つばさ,Akagawa Tsubasa,Tsubasa
裁原 正義,さいばら まさよし,さいばら,Saibara Masayoshi,Saibara
霜月 直輔,しもつき なおすけ,しもつき,Shimotsuki Naosuke,Shimotsuki
仲間田 太助,なかまだ たすけ,たすけ,Nakamada Tasuke,Tasuke
光明寺 聡明,こうみょうじ さとあき,そうめい,Koumyouji Satoaki,Soumei
臼引 十兵衛,うすひき じゅうべえ,じゅうべえ,Usuhiki Juubee,Juubee
近辺 十馬,こんぺ とうま,こんぺいと,Konpe Touma,Konpeito
月光 満,げっこう みちる,まんげつ,Gekkou Michiru,Mangetsu
阿修羅 三夫,あしゅら みつお,あしゅら,Ashura Mitsuo,Ashura
波田野 漣,はたの れん,はたの,Hatano Ren,Hatano
天野 雨彦,あまの あめひこ,あめひこ,Amano Amehiko,Amehiko
平 和人,たいら かずひと,たいら,Taira Kazuhito,Taira
地蔵 久夢,じぞう くむ,じぞう,Jizou Kumu,Jizou
鷹桐 凱,たかぎり がい,タカ,Takagiri Gai,Taka
細井 高,ほそい こう,ほそい,Hosoi Kou,Hosoi
不動 叡一,ふどう えいいち,ふどう,Fudou Eiichi,Fudou
大和 進,やまと すすむ,やまと,Yamato Susumu,Yamato
津曲 勉,つまがり つとむ,がり,Tsumagari Tsutomu,Gari
世良 一期,せら いちご,いちご,Sera Ichigo,Ichigo
沖田 創,おきた そう,おきた,Okita Sou,Okita
長崎 紀一,ながさき きいち,ながさき,Nagasaki Kiichi,Nagasaki
鴨川 武一,かもがわ ぶいち,かも,Kamogawa Buichi,Kamo
仏 良夫,ほとけ よしお,ほとけ,Hotoke Yoshio,Hotoke
箸井 邦明,はしい くにあき,ハシ,Hashii Kuniaki,Hashi
明智 光,あけち ひかる,あけち,Akechi Hikaru,Akechi
雉端 練人,きじはた れんと,きじはた,Kijihata Rento,Kijihata
神野 啓司,じんの けいじ,じんの,Jinno Keiji,Jinno
富嶽 厚志,ふがく あつし,ふがく,Fugaku Atsushi,Fugaku
白間 涼,しろま りょう,しろま,Shiroma Ryou,Shiroma
黒川 真夜,くろかわ しんや,くろかわ,Kurokawa Shinya,Kurokawa
菖蒲 畠也,しょうぶ はたや,しょうぶ,Shoubu Hataya,Shoubu
赤城 正馬,あかぎ しょうま,あかぎ,Akagi Shouma,Akagi
天野 陽介,あまの ようすけ,ようすけ,Amano Yousuke,Yousuke
坂山 金太郎,さかやま きんたろう,きんたろう,Sakayama Kintarou,Kintarou
朝露 音夢,あさつゆ ねむ,あさつゆ,Asatsuyu Nemu,Asatsuyu
横浜 英二,よこはま えいじ,よこはま,Yokohama Eiji,Yokohama
弁天 正市,べんてん しょういち,べんてん,Benten Shouichi,Benten
氷室 剛勇,ひむろ ごうゆう,ごうゆう,Himuro Gouyuu,Gouyuu
新間 読,しんま よみ,しんま,Shinma Yomi,Shinma
水田 流,みずた ながる,ながる,Mizuta Nagaru,Nagaru
座敷 童,ざしき どう,ざしき,Zashiki Dou,Zashiki
国定 忠次郎,くにさだ ちゅうじろう,くにさだ,Kunisada Chuujirou,Kunisada
枚田 影夫,まいた かげお,まいたん,Maita Kageo,Maitan
御坊 研人,ごぼう けんと,ごぼう,Gobou Kento,Gobou
大鉄 茂,だいてつ しげる,だいてつ,Daitetsu Shigeru,Daitetsu
布村 触,ぬのむら ふれる,ぬのむら,Nunomura Fureru,Nunomura
伏木 動矢,ふしき どうや,ふしき,Fushiki Douya,Fushiki
日武 禄郎,ひむ ろくろう,ひむろ,Himu Rokurou,Himuro
福士 宏行,ふくし ひろゆき,ふくし,Fukushi Hiroyuki,Fukushi
小車 巡,こぐるま めぐる,こぐるま,Koguruma Meguru,Koguruma
熱井 羽之,あつい うゆき,あつい,Atsui Uyuki,Atsui
相原 談,あいはら だん,そうだん,Aihara Dan,Soudan
手札 来斗,てふだ くると,てふだ,Tefuda Kuruto,Tefuda
金堅 護,かなかた まもる,きんこ,Kanakata Mamoru,Kinko
玉川 当,たまがわ あたる,たまがわ,Tamagawa Ataru,Tamagawa
僧野 景市,そうの けいいち,そうの,Souno Keiichi,Souno
亜鉛 栄,あえん さかえ,あえん,Aen Sakae,Aen
明井 評吾,あかい ひょうご,あかい,Akai Hyougo,Akai
有里 労人,ありさと もりひと,アリ,Arisato Morihito,Ari
湧口 鉄馬,ゆぐち てつま,ゆぐち,Yuguchi Tetsuma,Yuguchi
鳴門 潮,なると うしお,なると,Naruto Ushio,Naruto
六甲 嵐,ろっこう あらし,ろっこう,Rokkou Arashi,Rokkou
遠山 金太,とおやま きんた,とおやま,Tooyama Kinta,Tooyama
空原 誘,そらはら さそう,そらはら,Sorahara Sasou,Sorahara
鈴鹿 走,すずか はしる,すずか,Suzuka Hashiru,Suzuka
金井 満,かない みつる,かない,Kanai Mitsuru,Kanai
金沢 努,かねざわ つとむ,かねざわ,Kanezawa Tsutomu,Kanezawa
天戸 建,あまと たてる,テント,Amato Tateru,Tento
真田 幸夫,さなだ ゆきお,さなだ,Sanada Yukio,Sanada
水渡 長流,みずわたり ながる,みずわたり,Mizuwatari Nagaru,Mizuwatari
高胡 菜生,こうこ なお,こうこ,Kouko Nao,Kouko
白金 希,しろがね まれ,はっきん,Shirogane Mare,Hakkin
隼 駿介,はやぶさ しゅんすけ,はやぶさ,Hayabusa Shunsuke,Hayabusa
桐技 躍馬,きりあや やくま,きりあや,Kiriaya Yakuma,Kiriaya
間宮 林三,まみや りんぞう,まみや,Mamiya Rinzou,Mamiya
出田 優士,いでた ゆうし,いでた,Ideta Yuushi,Ideta
音尾 風雅,ねお ふうが,ねお,Neo Fuuga,Neo
塗壁 保,ぬりかべ たもつ,ぬりかべ,Nurikabe Tamotsu,Nurikabe
笠原 竜也,かさはら たつや,かさはら,Kasahara Tatsuya,Kasahara
水巻 開平,みずまき かいへい,みずまき,Mizumaki Kaihei,Mizumaki
宮城 錦,みやぎ にしき,みやぎ,Miyagi Nishiki,Miyagi
歌場 創人,うたば そうと,うたば,Utaba Souto,Utaba
八重樫 智,やえがし さとる,やえがし,Yaegashi Satoru,Yaegashi
花庭 蒔志,はなにわ まきし,はなにわ,Hananiwa Makishi,Hananiwa
貼野 哲郎,はるの てつろう,はるの,Haruno Tetsurou,Haruno
山形 信洋,やまがた のぶひろ,やまがた,Yamagata Nobuhiro,Yamagata
押井 解,おしい ほぐす,おしい,Oshii Hogusu,Oshii
菜乃 常則,なの つねのり,ナノ,Nano Tsunenori,Nano
吹越 一徳,ふきこし いっとく,ふきこし,Fukikoshi Ittoku,Fukikoshi
松田 正敏,まつだ まさとし,まつだ,Matsuda Masatoshi,Matsuda
大垣 純章,おおがき すみあき,おおがき,Oogaki Sumiaki,Oogaki
新井 超,あらい とおる,あらい,Arai Tooru,Arai
町田 禄郎,まちだ ろくろう,まちだ,Machida Rokurou,Machida
北原 幸一,きたはら こういち,きたはら,Kitahara Kouichi,Kitahara
入来 徹,いりき とおる,いりき,Iriki Tooru,Iriki
江田 俊二,えだ しゅんじ,しゅんじ,Eda Shunji,Shunji
西尾 信輔,にしお しんすけ,にしお,Nishio Shinsuke,Nishio
服部 陸,はっとり りく,トリック,Hattori Riku,Torikku
天道 陽光,てんとう ようこう,てんとう,Tentou Youkou,Tentou
質屋 流,しちや ながる,しちや,Shichiya Nagaru,Shichiya
銭形 芳生,ぜにがた よしお,ぜにがた,Zenigata Yoshio,Zenigata
金子 一樹,かねこ かずき,かねこ,Kaneko Kazuki,Kaneko
伝法 平介,でんぽう へいすけ,でんぽう,Denpou Heisuke,Denpou
中園 康文,なかぞの やすふみ,なかぞの,Nakazono Yasufumi,Nakazono
阿賀 預利,あが まさとし,あが,Aga Masatoshi,Aga
海原 浴,うみはら あびる,うみはら,Umihara Abiru,Umihara
牛頭 忠太,ごず ちゅうた,ごず,Gozu Chuuta,Gozu
河伯 童子,かはく どうじ,かはく,Kahaku Douji,Kahaku
細江 茂志,ほそえ しげし,ほそえ,Hosoe Shigeshi,Hosoe
北雄 石英,きたお いしひで,せきえい,Kitao Ishihide,Sekiei
二宮 金次,にのみや きんじ,にのみや,Ninomiya Kinji,Ninomiya
鮭川 昇,さけかわ のぼる,シャケ,Sakekawa Noboru,Shake
水原 弘也,みずはら ひろなり,みずはら,Mizuhara Hironari,Mizuhara
芝 生夫,しば いくお,しばふ,Shiba Ikuo,Shibafu
西嶋 路美,にしじま みちはる,にしじま,Nishijima Michiharu,Nishijima
劉備 玄,りゅうび げん,りゅうび,Ryuubi Gen,Ryuubi
福島 初志,ふくしま はつし,ふくしま,Fukushima Hatsushi,Fukushima
羅馬 久輝,らま ひさてる,ローマ,Rama Hisateru,Rooma
灰谷 直,はいたに なお,はいたに,Haitani Nao,Haitani
符川 芳正,ふかわ よしまさ,ふかわ,Fukawa Yoshimasa,Fukawa
栃木 光,とちぎ ひかる,とちぎ,Tochigi Hikaru,Tochigi
張飛 益斗,ちょうひ えきと,ちょうひ,Chouhi Ekito,Chouhi
鎧 護人,よろい もりと,よろい,Yoroi Morito,Yoroi
高知 勇士,こうち ゆうし,こうち,Kouchi Yuushi,Kouchi
関羽 長人,かんう おさひと,かんう,Kanu Osahito,Kanu
札幌 澄太,さっぽろ すみた,さっぽろ,Sapporo Sumita,Sapporo
韓信 潜,かんしん くぐる,かんしん,Kanshin Kuguru,Kanshin
井口 満,いぐち みつる,いぐち,Iguchi Mitsuru,Iguchi
森下 返,もりした かえす,もりした,Morishita Kaesu,Morishita
袋崎 拓路,ふくろさき たくじ,ふくろさき,Fukurosaki Takuji,Fukurosaki
倉橋 大,くらはし だい,くらはし,Kurahashi Dai,Kurahashi
今村 修生,いまむら しゅう,いまむら,Imamura Shuu,Imamura
革嶋 磨,かわしま みがく,かわしま,Kawashima Migaku,Kawashima
川崎 大志郎,かわさき だいしろう,かわさき,Kawasaki Daishirou,Kawasaki
登川 光,のぼりかわ ひかる,のぼりかわ,Noborikawa Hikaru,Noborikawa
開川 路也,かいかわ みちや,かいかわ,Kaikawa Michiya,Kaikawa
菊丸 一休,きくまる いっきゅう,いっきゅう,Kikumaru Ikkyuu,Ikkyuu
矢形 王星,やがた おうせい,やがた,Yagata Ousei,Yagata
鈴虫 月彦,すずむし つきひと,すずむし,Suzumushi Tsukihito,Suzumushi
彦 牽牛,ひこ けんぎゅう,ヒコ,Hiko Kengyuu,Hiko
寿老 仁,じゅろう じん,じゅろう,Jurou Jin,Jurou
南陸 極,なんりく きわむ,なんりく,Nanriku Kiwamu,Nanriku
井頭 針次,いがしら しんじ,いがしら,Igashira Shinji,Igashira
伊勢 隼人,いせ はやと,いせ,Ise Hayato,Ise
長門 司,ながと つかさ,ながと,Nagato Tsukasa,Nagato
派鶴 解斗,ぱずる かいと,パズル,Pazuru Kaito,Pazuru
札野 蝶司,ふだの ちょうじ,いの,Fudano Chouji,Ino
永長 千里,ながおさ せんり,ながおさ,Nagaosa Senri,Nagaosa
前園 航平,まえぞの こうへい,まえぞの,Maezono Kouhei,Maezono
草薙 剣,くさなぎ けん,くさなぎ,Kusanagi Ken,Kusanagi
宇枝 歴人,うえだ ひすと,うえだ,Ueda Hisuto,Ueda
加賀 裕太,かが ゆうた,かが,Kaga Yuuta,Kaga
野沢 公顕,のざわ きみあき,のざわ,Nozawa Kimiaki,Nozawa
源 義雄,みなもと よしお,みなもと,Minamoto Yoshio,Minamoto
長刀 睦人,なぎなた むつと,なぎなた,Naginata Mutsuto,Naginata
長月 九,ながつき きゅう,ながつき,Nagatsuki Kyuu,Nagatsuki
日向 光伸,ひゅうが みつのぶ,ひゅうが,Hyuuga Mitsunobu,Hyuuga
玉井 央一,たまい おういち,たま,Tamai Ouichi,Tama
大文字 文人,だいもんじ あやひと,だいもんじ,Daimonji Ayahito,Daimonji
烈風 金道,れっぷう かねみち,れっぷう,Reppuu Kanemichi,Reppuu
伊波 登,いなみ のぼる,いなみ,Inami Noboru,Inami
広島 紅,ひろしま くれない,ひろしま,Hiroshima Kurenai,Hiroshima
占部 智人,うらべ ともひと,うらべ,Urabe Tomohito,Urabe
榎本 武,えのもと たけし,えのもと,Enomoto Takeshi,Enomoto
砲羽 陽介,ほうば ようすけ,ほうば,Houba Yousuke,Houba
徳井 種延,とくい たねのぶ,とくい,Tokui Tanenobu,Tokui
高雄 みのる,たかお みのる,たかお,Takao Minoru,Takao
折田 造,おりた つくる,おりた,Orita Tsukuru,Orita
淡島 空,あわしま そら,あわしま,Awashima Sora,Awashima
宮崎 太陽,みやざき たいよう,みやざき,Miyazaki Taiyou,Miyazaki
大丸 遠,だいまる とうし,だいまる,Daimaru Toushi,Daimaru
芥川 治,あくたがわ おさむ,あくたがわ,Akutagawa Osamu,Akutagawa
薬師寺 健,やくしじ けん,やくしじ,Yakushiji Ken,Yakushiji
香元 薫,こうもと かおる,こうもと,Koumoto Kaoru,Koumoto
星見 透馬,ほしみ とうま,ほしみ,Hoshimi Touma,Hoshimi
大黒 弘樹,だいこく ひろき,だいこく,Daikoku Hiroki,Daikoku
十字 導昭,じゅうじ みちあき,じゅうじ,Juuji Michiaki,Juuji
電光 則武,でんこう のりたけ,でんこう,Denkou Noritake,Denkou
大分 温夫,おおいた あつお,おおいた,Ooita Atsuo,Ooita
由馬 グレイ,ゆうま ぐれい,ぐれい,Yuuma Gurei,Gurei
山梨 不二夫,やまなし ふじお,やまなし,Yamanashi Fujio,Yamanashi
髪切 徹也,かみきり てつや,かみきり,Kamikiri Tetsuya,Kamikiri
坂上 幹生,さかがみ みきお,みきお,Sakagami Mikio,Mikio
伊達 竜,だて りゅう,だて,Date Ryuu,Date
音下 重樹,おとした しげき,おとした,Otoshita Shigeki,Otoshita
山口 洞,やまぐち ほこら,やまぐち,Yamaguchi Hokora,Yamaguchi
香川 明央,かがわ あきお,かがわ,Kagawa Akio,Kagawa
恩田 心太郎,おんだ しんたろう,おんだ,Onda Shintarou,Onda
彗星 槙矢,すいせい まきや,すいせい,Suisei Makiya,Suisei
児田 山彦,こだ やまひこ,やまひこ,Koda Yamahiko,Yamahiko
畳田 和夫,たたみだ かずお,たたみだ,Tatamida Kazuo,Tatamida
徳川 康夫,とくがわ やすお,とくがわ,Tokugawa Yasuo,Tokugawa
大久 史也,おおひさ ふみや,おおひさ,Oohisa Fumiya,Oohisa
埴輪 宇一,はにわ ういち,はにわ,Haniwa Uichi,Haniwa
弓 すぐる,ゆみ すぐる,ゆみ,Yumi Suguru,Yumi
山椒 宇城人,さんしょう うきと,さんしょう,Sanshou Ukito,Sanshou
久家 君麻呂,くげ きみまろ,くげ,Kuge Kimimaro,Kuge
皿山 秀貴,さらやま ひでたか,さらやま,Sarayama Hidetaka,Sarayama
雨宮 長宏,あまみや ながひろ,あまみや,Amamiya Nagahiro,Amamiya
紅 伸樹,くれない のぶき,くれない,Kurenai Nobuki,Kurenai
忍田 歳三,おしだ としぞう,としぞう,Oshida Toshizou,Toshizou
柄崎 大吾,つかざき だいご,つかざき,Tsukazaki Daigo,Tsukazaki
砂 皇司,まさご こうじ,まさご,Masago Kouji,Masago
森 石松,もり いしまつ,いしまつ,Mori Ishimatsu,Ishimatsu
福津 朔也,ふくつ さくや,ふくつ,Fukutsu Sakuya,Fukutsu
床尾 宗次,ゆかお そうじ,そうじ,Yukao Souji,Souji
陸奥 大吾,むつ だいご,むつ,Mutsu Daigo,Mutsu
近井 未来,ちかい みき,ちかい,Chikai Miki,Chikai
歌田 澄人,うただ すみと,うただ,Utada Sumito,Utada
雪山 岳治,ゆきやま がくじ,ゆきやま,Yukiyama Gakuji,Yukiyama
猫野 亮太,ねこの りょうた,ねこの,Nekono Ryouta,Nekono
戌井 太郎,いぬい たろう,いぬい,Inui Tarou,Inui
末野 紅,すえの こう,すえの,Sueno Kou,Sueno
海東 衛,かいとう まもる,かいとう,Kaitou Mamoru,Kaitou
中村 夢千代,なかむら ゆめちよ,ゆめちよ,Nakamura Yumechiyo,Yumechiyo
上杉 謙吾,うえすぎ けんご,うえすぎ,Uesugi Kengo,Uesugi
江古 貴生,えこ たかお,エコ,Eko Takao,Eko
土方 歳,ひじかた とし,ひじかた,Hijikata Toshi,Hijikata
豊臣 秀紀,とよとみ ひでのり,とよとみ,Toyotomi Hidenori,Toyotomi
平賀 源,ひらが げん,ひらが,Hiraga Gen,Hiraga
岩永 鉱介,いわなが こうすけ,いわなが,Iwanaga Kousuke,Iwanaga
白菊 悠人,しらぎく ゆうと,しらぎく,Shiragiku Yuuto,Shiragiku
宝田 中,たからだ あたる,あたる,Takarada Ataru,Ataru
鍋山 海人,なべやま うみと,なべ,Nabeyama Umito,Nabe
響 恭一,ひびき きょういち,きょういち,Hibiki Kyouichi,Kyouichi
幸田 大吉,こうだ だいきち,だいきち,Kouda Daikichi,Daikichi
福岡 武雄,ふくおか たけお,ふくおか,Fukuoka Takeo,Fukuoka
鮫島 嵐人,さめじま らんと,さめじま,Samejima Ranto,Samejima
尾泉 平介,おいずみ へいすけ,おいずみ,Oizumi Heisuke,Oizumi
黄金 丸雄,こがね まるお,こがね,Kogane Maruo,Kogane
飛龍 仁,ひりゅう じん,ひりゅう,Hiryuu Jin,Hiryuu
寺野 竜,てらの りゅう,てらの,Terano Ryuu,Terano
器島 改太,きじま あらた,きじま,Kijima Arata,Kijima
納屋 粘,なや ねばる,なや,Naya Nebaru,Naya
形 創,かた はじめ,かた,Kata Hajime,Kata
矢地 伊久夫,やじ いくお,やじ,Yaji Ikuo,Yaji
汐崎 怜央,しおざき れお,しおざき,Shiozaki Reo,Shiozaki
地内 雅彦,ちうち まさひこ,ちうち,Chiuchi Masahiko,Chiuchi
風切 彰,かざきり しょう,かざきり,Kazakiri Shou,Kazakiri
赤江 王星,あかえ おうせい,あかえ,Akae Ousei,Akae
牧場 羊一,まきば よういち,まきば,Makiba Youichi,Makiba
橘花 直弘,きっか なおひろ,きっか,Kikka Naohiro,Kikka
水草 陽之,みずくさ はるゆき,みずくさ,Mizukusa Haruyuki,Mizukusa
安倍 晴昭,あべ はるあき,あべ,Abe Haruaki,Abe
恵比寿原 始,えびすはら はじめ,はじめ,Ebisuhara Hajime,Hajime
与木 奏,よぎ そう,よぎ,Yogi Sou,Yogi
雲野 久斗,うんの ひさと,うんの,Unno Hisato,Unno
蝉本 圭輔,せみもと けいすけ,せみもと,Semimoto Keisuke,Semimoto
日々原 納,ひびはら おさむ,ひびはら,Hibihara Osamu,Hibihara
目黒 和久,めぐろ かずひさ,めぐろ,Meguro Kazuhisa,Meguro
高野 瑠偉,たかの るい,たかの,Takano Rui,Takano
伊集院 満,いじゅういん みちる,みちる,Ijuuin Michiru,Michiru
竜巻 渡,たつまき わたる,たつまき,Tatsumaki Wataru,Tatsumaki
鳩山 永人,はとやま ながと,はとやま,Hatoyama Nagato,Hatoyama
眠井 俊郎,ねむい としろう,ねむい,Nemui Toshirou,Nemui
海渡 壮介,うみわたり そうすけ,うみわたり,Umiwatari Sousuke,Umiwatari
綿矢 針次,わたや しんじ,わたや,Wataya Shinji,Wataya
竹田 合馬,たけだ おうま,たけだ,Takeda Ouma,Takeda
仲 義人,なか よしひと,なか,Naka Yoshihito,Naka
明星 すばる,みょうじょう すばる,すばる,Myoujou Subaru,Subaru
愛宕 達平,あたご たっぺい,あたご,Atago Tappei,Atago
蕪木 金光,かぶらぎ かねみつ,かぶらぎ,Kaburagi Kanemitsu,Kaburagi
太鼓田 保,たいこだ たもつ,ドラム,Taikoda Tamotsu,Doramu
滋賀 圭作,しが けいさく,しが,Shiga Keisaku,Shiga
古武 合気,こぶ あいき,あいき,Kobu Aiki,Aiki
岩手 民和,いわて たみかず,いわて,Iwate Tamikazu,Iwate
卓野 球太,たくの きゅうた,たっきゅう,Takuno Kyuuta,Takkyuu
犬神 司,いぬがみ つかさ,いぬがみ,Inugami Tsukasa,Inugami
辰己 検,たつみ けん,たつみ,Tatsumi Ken,Tatsumi
雀野 京平,すずめの きょうへい,すずめ,Suzumeno Kyouhei,Suzume
掘高 才介,ほりたか さいすけ,ほりたか,Horitaka Saisuke,Horitaka
安功 守之,あんこう もりゆき,あんこう,Ankou Moriyuki,Ankou
博多 商次,はかた しょうじ,はかた,Hakata Shouji,Hakata
奈々星 典斗,ななほし てんと,ななほし,Nanahoshi Tento,Nanahoshi
遊佐 紺平,ゆさ こんぺい,ゆさ,Yusa Konpei,Yusa
保志野 光,ほしの ひかる,プリンス,Hoshino Hikaru,Purinsu
藤原 道長,ふじわら みちなが,ふじわら,Fujiwara Michinaga,Fujiwara
海老名 安弘,えびな やすひろ,エビ,Ebina Yasuhiro,Ebi
大根 成弥,おおね なみや,おおね,Oone Namiya,Oone
杉山 敬次郎,すぎやま けいじろう,すぎ,Sugiyama Keijirou,Sugi
青葉 清吾,あおば せいご,あおば,Aoba Seigo,Aoba
花神 蔵六,かしん ぞうろく,かしん,Kashin Zouroku,Kashin
新潟 越光,にいがた こしみつ,にいがた,Niigata Koshimitsu,Niigata
満仁 亜斗夢,まに あとむ,まに,Mani Atomu,Mani
西 月彦,にし つきひこ,にし,Nishi Tsukihiko,Nishi
寺務 育生,じむ いくお,じむ,Jimu Ikuo,Jimu
田中 太郎,たなか たろう,たなか,Tanaka Tarou,Tanaka
五月 晴彦,さつき はるひこ,さつき,Satsuki Haruhiko,Satsuki
静岡 久志,しずおか ひさし,しずおか,Shizuoka Hisashi,Shizuoka
植木 繁治,うえき しげはる,うえき,Ueki Shigeharu,Ueki
七色 声司,なないろ せいじ,なないろ,Nanairo Seiji,Nanairo
トン ニーノ,とん にーの,トンニーノ,Ton Niino,Tonniino
屋上 遊,おがみ ゆう,おがみ,Ogami Yuu,Ogami
三ツ葉 葵,みつは あおい,みつば,Mitsuha Aoi,Mitsuba
窪田 護,くぼた まもる,くぼた,Kubota Mamoru,Kubota
時枝 哲矢,ときえだ てつや,ときえだ,Tokieda Tetsuya,Tokieda
蝉丸 智人,せみまる のりと,せみまる,Semimaru Norito,Semimaru
幹田 重人,みきた しげと,みきた,Mikita Shigeto,Mikita
探田 偵人,さぐるだ さだひと,たんてい,Saguruda Sadahito,Tantei
愛甲 大介,あいこう だいすけ,あいこう,Aikou Daisuke,Aikou
地道 彰,じみち しょう,じみち,Jimichi Shou,Jimichi
飛田 玲二,とびた れいじ,ひきゃく,Tobita Reiji,Hikyaku
恐山 零,おそれやま れい,おそれやま,Osoreyama Rei,Osoreyama
阿久 鋭矢,あく えいや,あく,Aku Eiya,Aku
唐松 正豪,からまつ まさたけ,からまつ,Karamatsu Masatake,Karamatsu
鳥取 雄吾,とっとり ゆうご,とっとり,Tottori Yuugo,Tottori
薬原 椋人,やくはら むくと,むくと,Yakuhara Mukuto,Mukuto
葱野 刻,ねぎの きざみ,ねぎの,Negino Kizami,Negino
弱気田 静也,よわきだ しずや,しずや,Yowakida Shizuya,Shizuya
扇谷 享,おうぎや とおる,おうぎや,Ougiya Tooru,Ougiya
手力 崇男,たじから たかお,たじから,Tajikara Takao,Tajikara
回法 文夫,かいほう ふみお,かいほう,Kaihou Fumio,Kaihou
吉備 桃太郎,きびの ももたろう,ももたろう,Kibino Momotarou,Momotarou
風間 弦,かざま げん,かざま,Kazama Gen,Kazama
時任 信,ときとう しん,ときとう,Tokitou Shin,Tokitou
手崎 清矢,てざき せいや,てざき,Tezaki Seiya,Tezaki
絵嶋 裕斗,えじま ゆうと,えじま,Ejima Yuuto,Ejima
文殊 紀一,もんじゅ きいち,もんじゅ,Monju Kiichi,Monju
上月 邦宏,うえつき くにひろ,にんじん,Uetsuki Kunihiro,Ninjin
院法 歩,いんぽう すすむ,いんぽう,Inpou Susumu,Inpou
尾浦 玲歩,おうら れいほ,レポ,Oura Reiho,Repo
富良 民吾,ふら みんご,フラミンゴ,Fura Mingo,Furamingo
馬頭 鋭気,ばとう えいき,ばとう,Batou Eiki,Batou
弥生 比奈太,やよい ひなた,やよい,Yayoi Hinata,Yayoi
佐賀 三兵,さが みへい,さが,Saga Mihei,Saga
舞谷 染五郎,まいたに そめごろう,まいたに,Maitani Somegorou,Maitani
天山 吉行,てんざん よしゆき,てんざん,Tenzan Yoshiyuki,Tenzan
鯨山 広,げいざん ひろし,くじら,Geizan Hiroshi,Kujira
井砂 卓司,いすな たくじ,いすな,Isuna Takuji,Isuna
夜森 音夢,やもり ねむ,やもり,Yamori Nemu,Yamori
法蓮 草矢,ほうれん くさや,ほうれん,Houren Kusaya,Houren
久慈 孝彦,くじ たかひこ,クジ,Kuji Takahiko,Kuji
樋川 幹太,といかわ かんた,といかわ,Toikawa Kanta,Toikawa
弥勒 知,みろく あきら,みろく,Miroku Akira,Miroku
印旛 鑑次,いんば かんじ,インカン,Inba Kanji,Inkan
火山 希一,ひやま きいち,ひやま,Hiyama Kiichi,Hiyama
大福 笑介,だいふく しょうすけ,だいふく,Daifuku Shousuke,Daifuku
蛍原 鉄洋,ほとはら てつひろ,ほとはら,Hotohara Tetsuhiro,Hotohara
陽炎 千晶,かげろう ちあき,かげろう,Kagerou Chiaki,Kagerou
園田 三保,そのだ みほ,さんぽ,Sonoda Miho,Sanpo
白石 輝,しらいし てる,しらいし,Shiraishi Teru,Shiraishi
蛸田 轟大,たこた ごうだい,たこた,Takota Goudai,Takota
奈良 清吾,なら せいご,なら,Nara Seigo,Nara
浦島 無我,うらしま むが,うらしま,Urashima Muga,Urashima
軟野 翔太,なんの しょうた,なんの,Nanno Shouta,Nanno
太古 弘晴,たいこ こうせい,こうせい,Taiko Kousei,Kousei
湯浅 洸,ゆあさ あきら,ゆあさ,Yuasa Akira,Yuasa
岐阜 悠紀,ぎふ ゆうき,ぎふ,Gifu Yuuki,Gifu
小椋 晋也,おぐら しんや,おぐら,Ogura Shinya,Ogura
雪舟 水墨,せっしゅう すいぼく,せっしゅう,Sesshuu Suiboku,Sesshuu
小野 妹古,おの いもこ,いもこ,Ono Imoko,Imoko
白菜 望彦,しらな もちひこ,しらな,Shirana Mochihiko,Shirana
加部 蒼甫,かべ そうすけ,かべ,Kabe Sousuke,Kabe
貫地谷 紀久,かんじや のりひさ,かんじや,Kanjiya Norihisa,Kanjiya
化野 実,あだしの みのる,あだしの,Adashino Minoru,Adashino
久米 龍吉,くめ りゅうきち,くめ,Kume Ryuukichi,Kume
徳島 渓,とくしま けい,とくしま,Tokushima Kei,Tokushima
陸山 望晴,むつやま もちはる,むつやま,Mutsuyama Mochiharu,Mutsuyama
地辺 克希,ちべ かつき,ちべ,Chibe Katsuki,Chibe
鳴滝 晴彦,なるたき はるひこ,なるたき,Narutaki Haruhiko,Narutaki
山岡 洋,やまおか よう,やまおか,Yamaoka You,Yamaoka
宮坂 了,みやさか りょう,みやさか,Miyasaka Ryou,Miyasaka
瓜生 飾,うりゅう あきら,うりゅう,Uryuu Akira,Uryuu
愛媛 安春,えひめ やすはる,えひめ,Ehime Yasuharu,Ehime
海音寺 勇一,かいおんじ ゆういち,ヨット,Kaionji Yuuichi,Yotto
米沢 義弘,よねざわ よしひろ,よねざわ,Yonezawa Yoshihiro,Yonezawa
宝来 凪人,ほうらい なぎと,ほうらい,Hourai Nagito,Hourai
奥村 康文,おくむら やすふみ,おくむら,Okumura Yasufumi,Okumura
名島 税,なじま ちから,なじま,Najima Chikara,Najima
駅道 満,えきみち みつる,えきみち,Ekimichi Mitsuru,Ekimichi
風流 厘,ふうる りん,ぷりん,Fuuru Rin,Purin
雑道 旋,かずみち めぐる,かずみち,Kazumichi Meguru,Kazumichi
新谷 広司,あらや こうじ,あらや,Araya Kouji,Araya
煎野 正秋,せんの まさあき,せんの,Senno Masaaki,Senno
彫木 右京,ほりき うきょう,ほりき,Horiki Ukyou,Horiki
包木 宏明,ほうき ひろあき,ひろあき,Houki Hiroaki,Hiroaki
宇那木 養,うなき よう,うなぎ,Unaki You,Unagi
清涼 瑞章,せいりょう みずあき,せいりょう,Seiryou Mizuaki,Seiryou
小関 塁,こぜき るい,こぜき,Kozeki Rui,Kozeki
関口 将一,せきぐち まさかず,せきぐち,Sekiguchi Masakazu,Sekiguchi
榊原 努,さかきばら つとむ,さかきばら,Sakakibara Tsutomu,Sakakibara
札名 聡,ふだな さとし,ふだな,Fudana Satoshi,Fudana
流山 宏行,ながれやま ひろゆき,りゅうこう,Nagareyama Hiroyuki,Ryuukou
鳴海 伸行,なるみ のぶゆき,なるみ,Narumi Nobuyuki,Narumi
椋尾 亮介,むくお りょうすけ,むくお,Mukuo Ryousuke,Mukuo
四川 才介,しせん さいすけ,しせん,Shisen Saisuke,Shisen
波村 豊,なみむら ゆたか,なみむら,Namimura Yutaka,Namimura
松原 浩介,まつばら こうすけ,まつばら,Matsubara Kousuke,Matsubara
栗林 明,くりばやし あきら,くりばやし,Kuribayashi Akira,Kuribayashi
小林 操,こばやし そう,こばやし,Kobayashi Sou,Kobayashi
草部 栄一,くさべ えいいち,くさべ,Kusabe Eiichi,Kusabe
貨平 健,かひら けん,かひら,Kahira Ken,Kahira
花山 造 ,はなやま いたる,はやなま,Hanayama Itaru,Hayanama
筏柴 槙也,はつしば まきや,はつしば,Hatsushiba Makiya,Hatsushiba
刑部 楠生,おさかべ くすお,おさかべ,Osakabe Kusuo,Osakabe
寺本 豊,てらもと ゆたか,ゆたか,Teramoto Yutaka,Yutaka
香堂 調,こうどう しらべ,こうどう,Koudou Shirabe,Koudou
手瑞 徹,てみず とおる,てみず,Temizu Tooru,Temizu
岩佐 洋介,いわさ ようすけ,いわさ,Iwasa Yousuke,Iwasa
曹操 孟,そうそう たけし,そうそう,Sousou Takeshi,Sousou
訳嶋 英樹,やくしま ひでき,やくしま,Yakushima Hideki,Yakushima
古式 博嗣,こしき ひろし,こしき,Koshiki Hiroshi,Koshiki
重田 光臣,しげた みつおみ,しげた,Shigeta Mitsuomi,Shigeta
軽井沢 啓,かるいざわ けい,かるいざわ,Karuizawa Kei,Karuizawa
島根 神,しまね じん,しまね,Shimane Jin,Shimane
草下 元樹,くさか もとき,くさか,Kusaka Motoki,Kusaka
鹿島 精児,かしま せいじ,かしま,Kashima Seiji,Kashima
久士田 結人,くじた ゆいと,くじた,Kujita Yuito,Kujita
今田 波音,いまだ なみと,いまだ,Imada Namito,Imada
茶山 充裕,ちゃやま みつひろ,ちゃやま,Chayama Mitsuhiro,Chayama
酒井 敏康,さかい としやす,さかい,Sakai Toshiyasu,Sakai
山上 扶樹,やまがみ もとき,やまがみ,Yamagami Motoki,Yamagami
岩城 真一,いわき しんいち,いわき,Iwaki Shinichi,Iwaki
継田 要,ままだ よう,ままだ,Mamada You,Mamada
井出 龍吉,いで りゅうきち,いで,Ide Ryuukichi,Ide
日色 慎之介,ひいろ しんのすけ,ひいろ,Hiiro Shinnosuke,Hiiro
銀輪 純明,ぎんわ すみあき,ぎんわ,Ginwa Sumiaki,Ginwa
宅間 頼太,たくま らいた,たくま,Takuma Raita,Takuma
七瀬 昭治,ななせ しょうじ,ななせ,Nanase Shouji,Nanase
南島 建,みなみしま けん,みなみしま,Minamishima Ken,Minamishima
熊本 幾太郎,くまもと いくたろう,くまもと,Kumamoto Ikutarou,Kumamoto
姿田 刻,すがただ きざむ,きざむ,Sugatada Kizamu,Kizamu
密島 隆介,みつしま りゅうすけ,みつしま,Mitsushima Ryuusuke,Mitsushima
鱈見 文太,たらみ ぶんた,たらみ,Tarami Bunta,Tarami
松岡 晋也,まつおか しんや,まつおか,Matsuoka Shinya,Matsuoka
井川 豊,いがわ ゆたか,いがわ,Igawa Yutaka,Igawa
筆田 隆,ふでた たかし,ふでた,Fudeta Takashi,Fudeta
小出石 力丸,おでいし りきまる,おでいし,Odeishi Rikimaru,Odeishi
豆葉 有起哉,まめは ゆきや,まめは,Mameha Yukiya,Mameha
岩沢 碧海,いわさわ おうが,いわさわ,Iwasawa Ouga,Iwasawa
派田 裕司,はだ ゆうじ,はだ,Hada Yuuji,Hada
宇佐美 将也,うさみ まさや,うさみ,Usami Masaya,Usami
国立 梅三郎,くにだち うめさぶろう,くにたち,Kunidachi Umesaburou,Kunitachi
勝又 一輝,かつまた かずき,かつまた,Katsumata Kazuki,Katsumata
海崎 清美,うみさき きよみ,うみさき,Umisaki Kiyomi,Umisaki
打崎 達士,うちざき たつひと,うちざき,Uchizaki Tatsuhito,Uchizaki
柘植 成樹,つげ せいき,つげ,Tsuge Seiki,Tsuge
道力 鉄二,どうりき てつじ,どうりき,Douriki Tetsuji,Douriki
粧司 浩介,しょうじ こうすけ,しょうじ,Shouji Kousuke,Shouji
茨城 渉,いばらき わたる,いばらき,Ibaraki Wataru,Ibaraki
北条 新九郎,ほうじょう しんくろう,ほうじょう,Houjou Shinkurou,Houjou
対崎 暇,ついざき いとま,ついざき,Tsuizaki Itoma,Tsuizaki
大井川 剛,おおいがわ ごう,おおいがわ,Ooigawa Gou,Ooigawa
桑原 直巳,くわはら なおみ,くわはら,Kuwahara Naomi,Kuwahara
段田 正義,だんだ まさよし,だんだ,Danda Masayoshi,Danda
街野 開矢,まちの かいや,まちの,Machino Kaiya,Machino
高柳 丈二,たかやなぎ じょうじ,たかやなぎ,Takayanagi Jouji,Takayanagi
須賀原 巡,すがわら めぐる,すがわら,Sugawara Meguru,Sugawara
釜戸 親生,かまど ちかお,かまど,Kamado Chikao,Kamado
末武 安人,すえたけ やすひと,すえたけ,Suetake Yasuhito,Suetake
片畑 尚,かたはた なお,かたはた,Katahata Nao,Katahata
緑川 定,みどりかわ さだか,みどりかわ,Midorikawa Sadaka,Midorikawa
毘沙門 海里,びしゃもん かいり,びしゃもん,Bishamon Kairi,Bishamon
王円 弾,おうえん だん,おうえん,Ouen Dan,Ouen
赤道 直元,あかみち なおもと,せきどう,Akamichi Naomoto,Sekidou
北海 道伸,ほっかい みちのぶ,ほっかい,Hokkai Michinobu,Hokkai
観葉 植,みは なお,かんよう,Miha Nao,Kanyou
江幡 葉,えばた よう,えばた,Ebata You,Ebata
暮連 勤,くれん つとむ,くれん,Kuren Tsutomu,Kuren
鴉山 天,からすやま てん,からす,Karasuyama Ten,Karasu
姫宮 雅美,ひめみや まさみ,ひめみや,Himemiya Masami,Himemiya
衣留花 充昭,いるか みつあき,いるか,Iruka Mitsuaki,Iruka
百舌 晶人,もず あきと,もず,Mozu Akito,Mozu
生田 字郎,いくた じろう,いくた,Ikuta Jirou,Ikuta
栄田 養士,さかえだ ようじ,えいようし,Sakaeda Youji,Eiyoushi
鋼鉄 城,こうてつ じょう,こうてつ,Koutetsu Jou,Koutetsu
秋田 尚也,あきた なおや,あきた,Akita Naoya,Akita
井形 芳生,いがた よしお,いがた,Igata Yoshio,Igata
藍染 郁次,あいぞめ ゆうじ,あいぞめ,Aizome Yuuji,Aizome
手出 作郎,てで つくろう,てづくり,Tede Tsukurou,Tezukuri
仲泉 遊,なかいずみ ゆう,なかいずみ,Nakaizumi Yuu,Nakaizumi
龍造 寺男,りゅうぞう てらお,りゅうぞう,Ryuuzou Terao,Ryuuzou
建森 解,たてもり かい,たてもり,Tatemori Kai,Tatemori
鶴田 時朗,つるた ときお,つるた,Tsuruta Tokio,Tsuruta
花村 広之,はなむら ひろゆき,はなむら,Hanamura Hiroyuki,Hanamura
山村 明,やまむら あきら,やまむら,Yamamura Akira,Yamamura
織田 信央,おだ のぶひろ,おだ,Oda Nobuhiro,Oda
赤鯛 誠史,あかだい まさふみ,あかだい,Akadai Masafumi,Akadai
灰島 啓二,はいじま けいじ,はいじま,Haijima Keiji,Haijima
古屋 延,ふるや のべる,ふるや,Furuya Noberu,Furuya
海道 貞一,うみみち ていいち,うみみち,Umimichi Teiichi,Umimichi
越間 巨樹,えつま おおき,えつま,Etsuma Ooki,Etsuma
流衣 洗,るい あらう,るい,Rui Arau,Rui
虹野 克,にじの すぐる,にじの,Nijino Suguru,Nijino
犬原 雅之,いぬはら まさゆき,いぬはら,Inuhara Masayuki,Inuhara
縄手 万作,なわて まんさく,なわて,Nawate Mansaku,Nawate
寺井 入道,てらい にゅうどう,てらい,Terai Nyuudou,Terai
上坂 納,うえさか おさむ,うえさか,Uesaka Osamu,Uesaka
和歌山 慶,わかやま けい,わかやま,Wakayama Kei,Wakayama
飛鳥 健,あすか けん,あすか,Asuka Ken,Asuka
栗山 澄太,くりやま すみた,くりやま,Kuriyama Sumita,Kuriyama
川蝉 育俊,かわせみ いくとし,カワセミ,Kawasemi Ikutoshi,Kawasemi
宇田川 光臣,うだがわ みつおみ,うだがわ,Udagawa Mitsuomi,Udagawa
壬生 大将,みぶ ひろまさ,みぶ,Mibu Hiromasa,Mibu
茜 広明,あかね ひろあき,あかね,Akane Hiroaki,Akane
啄木 才輔,きつつき さいすけ,きつつき,Kitsutsuki Saisuke,Kitsutsuki
群馬 草彦,ぐんま くさひこ,ぐんま,Gunma Kusahiko,Gunma
天井 遥,そらい はるか,そらい,Sorai Haruka,Sorai
家永 章,いえなが あきら,いえなが,Ienaga Akira,Ienaga
山西 浩正,やまにし ひろまさ,やまにし,Yamanishi Hiromasa,Yamanishi
流 周一,ながれ しゅういち,ながれ,Nagare Shuuichi,Nagare
名鏡 拓夢,めいきょう たくむ,めいきょう,Meikyou Takumu,Meikyou
日隠 影樹,ひかげ えいき,ひかげ,Hikage Eiki,Hikage
岡田 孝太郎,おかだ こうたろう,おかだ,Okada Koutarou,Okada
小玉 信輔,こだま しんすけ,こだま,Kodama Shinsuke,Kodama
深道 秋生,ふかみち あきみ,ふかみち,Fukamichi Akimi,Fukamichi
折野 創,おりの つくる,おりの,Orino Tsukuru,Orino
水戸 邦光,みと くにみつ,みと,Mito Kunimitsu,Mito
猫田 歩,ねこた あゆむ,あゆむ,Nekota Ayumu,Ayumu
南場 恋次,なんば れんじ,なんば,Nanba Renji,Nanba
向野 征二,むかいの せいじ,むかいの,Mukaino Seiji,Mukaino
浦田 聡,うらた さとし,うらた,Urata Satoshi,Urata
青出 伸吾,あおで しんご,しんご,Aode Shingo,Shingo
工藤 駆,くどう かける,くどう,Kudou Kakeru,Kudou
柿川 実,かきがわ みのる,かきがわ,Kakigawa Minoru,Kakigawa
賀夢 健太郎,がむ けんたろう,ガム,Gamu Kentarou,Gamu
高原 竜也,たかはら たつや,たかはら,Takahara Tatsuya,Takahara
水仙 稔基,すいせん としき,すいせん,Suisen Toshiki,Suisen
新見 主税,にいみ ちから,にいみ,Niimi Chikara,Niimi
合方 調,あいかた しらべ,あいかた,Aikata Shirabe,Aikata
守久 要,もりひさ かなめ,もりひさ,Morihisa Kaname,Morihisa
高城 貞人,たかぎ さだひと,たかぎ,Takagi Sadahito,Takagi
大石 良雄,おおいし よしお,おおいし,Ooishi Yoshio,Ooishi
大凧 昇,おおだこ のぼる,おおだこ,Oodako Noboru,Oodako
子鹿 森也,こじか しんや,こじか,Kojika Shinya,Kojika
葵 健太,あおい けんた,あおい,Aoi Kenta,Aoi
寿 太郎,ことぶき たろう,ことぶき,Kotobuki Tarou,Kotobuki
浦片 佳彦,うらかた よしひこ,うらかた,Urakata Yoshihiko,Urakata
稲子 芳信,いなご よしのぶ,いなご,Inago Yoshinobu,Inago
南瓜 敬作,なうり けいさく,かぼちゃ,Nauri Keisaku,Kabocha
橋口 慎之介,はしぐち しんのすけ,はしぐち,Hashiguchi Shinnosuke,Hashiguchi
海堂 脩平,かいどう しゅうへい,かいどう,Kaidou Shuuhei,Kaidou
高沢 一樹,たかさわ かずき,たかさわ,Takasawa Kazuki,Takasawa
岩田 剛基,いわた よしき,いわた,Iwata Yoshiki,Iwata
院野 翔太,いんの しょうた,いんの,Inno Shouta,Inno
坂下 雅功,さかした まさとし,さかした,Sakashita Masatoshi,Sakashita
玉月 瞬,たまつき しゅん,たまつき,Tamatsuki Shun,Tamatsuki
水上 渡,みずかみ わたる,みずかみ,Mizukami Wataru,Mizukami
五味 一樹,ごみ かずき,ごみ,Gomi Kazuki,Gomi
二瓶 晶,にへい あきら,にへい,Nihei Akira,Nihei
滝沢 敏也,たきざわ としや,たきざわ,Takizawa Toshiya,Takizawa
清原 光良,きよはら てるよし,てるよし,Kiyohara Teruyoshi,Teruyoshi
針辻 大五郎,はりつじ だいごろう,はりつじ,Haritsuji Daigorou,Haritsuji
唐 拓郎,とう たくろう,とう,Tou Takurou,Tou
砂川 碧海,すなかわ おうが,すなかわ,Sunakawa Ouga,Sunakawa
品川 隆博,しながわ たかひろ,しながわ,Shinagawa Takahiro,Shinagawa
沼口 司,ぬまぐち つかさ,ぬまぐち,Numaguchi Tsukasa,Numaguchi
岡野 一輝,おかの かずき,おかの,Okano Kazuki,Okano
孫吾 乱,そんご らん,ごくう,Songo Ran,Gokuu
山中 圭,やまなか けい,やまなか,Yamanaka Kei,Yamanaka
布原 ヒロ,ぬのはら ひろ,ぬのはら,Nunohara Hiro,Nunohara
兵庫 陽明,ひょうご はるあき,ひょうご,Hyougo Haruaki,Hyougo
鉄野 洋平,てつの ようへい,ようへい,Tetsuno Youhei,Youhei
今川 義基,いまがわ よしき,いまがわ,Imagawa Yoshiki,Imagawa
鉄山 啓作,てつやま けいさく,てつやま,Tetsuyama Keisaku,Tetsuyama
真野 有起哉,まの ゆきや,まの,Mano Yukiya,Mano
鯉真 精児,こいま せいじ,こいま,Koima Seiji,Koima
榎戸 敦,えのきど あつし,えのきど,Enokido Atsushi,Enokido
青森 潤,あおもり じゅん,あおもり,Aomori Jun,Aomori
川野 めだか,かわの めだか,めだか,Kawano Medaka,Medaka
広瀬 芳正,ひろせ よしまさ,ひろせ,Hirose Yoshimasa,Hirose
定岡 堅,さだおか けん,さだおか,Sadaoka Ken,Sadaoka
大道 聡一,おおみち そういち,おおみち,Oomichi Souichi,Oomichi
野家 広貼,のいえ ひろはる,のいえ,Noie Hiroharu,Noie
大岡 善,おおおか ぜん,おおおか,Oooka Zen,Oooka
振端 敦,ふるはた あつし,ふるはた,Furuhata Atsushi,Furuhata
岩淵 晃司,いわぶち こうじ,いわぶち,Iwabuchi Kouji,Iwabuchi
大江戸 結,おおえど ゆう,おおえど,Ooedo Yuu,Ooedo
荒川 浩正,あらかわ ひろまさ,あらかわ,Arakawa Hiromasa,Arakawa
牛原 蒼甫,うしはら そうすけ,うしはら,Ushihara Sousuke,Ushihara
梵天 哲士,ぼんてん てつし,ぼんてん,Bonten Tetsushi,Bonten
比嘉 大樹,ひが ひろき,ひが,Higa Hiroki,Higa
オフ 斎藤,おふ さいとう,さいとう,Ofu Saitou,Saitou
ドン リンゴ,どん りんご,ドン,Don Ringo,Don
安川 慎之介,やすかわ しんのすけ,やすかわ,Yasukawa Shinnosuke,Yasukawa
新村 海洋,にいむら うみひろ,かいよう,Niimura Umihiro,Kaiyou
堀口 将志,ほりぐち まさし,ほりぐち,Horiguchi Masashi,Horiguchi
英嶋 新士,ひでじま しんし,ひでじま,Hidejima Shinshi,Hidejima
漁火 三省,いさりび さんせい,いさりび,Isaribi Sansei,Isaribi
錬山 術,ねりやま やすし,ねりやま,Neriyama Yasushi,Neriyama
天川 光博,あまかわ みつひろ,あまかわ,Amakawa Mitsuhiro,Amakawa
桜井 広司,さくらい こうじ,さくらい,Sakurai Kouji,Sakurai
岡山 太朗,おかやま たろう,おかやま,Okayama Tarou,Okayama
三村 貴嶺,みむら たかね,みむら,Mimura Takane,Mimura
小西 努,こにし つとむ,こにし,Konishi Tsutomu,Konishi
永井 照生,ながい てるお,ながい,Nagai Teruo,Nagai
永田 修,ながた おさむ,ながた,Nagata Osamu,Nagata
亀井 慢太郎,かめい まんたろう,かめい,Kamei Mantarou,Kamei
羽縞 勇太,うじま ゆうた,うじま,Ujima Yuuta,Ujima
計良 電,けいら でん,けいら,Keira Den,Keira
小泉 涼,こいずみ りょう,こいずみ,Koizumi Ryou,Koizumi
発田 三郎,ほった さぶろう,ほった,Hotta Saburou,Hotta
永島 寿明,ながしま としあき,としあき,Nagashima Toshiaki,Toshiaki
酒田 達士,さかた たつひと,さかた,Sakata Tatsuhito,Sakata
吉永 陽介,よしなが ようすけ,よしなが,Yoshinaga Yousuke,Yoshinaga
総細 建,そうざい けん,そうざい,Souzai Ken,Souzai
小川 孝太郎,おがわ こうたろう,おがわ,Ogawa Koutarou,Ogawa
縄代 亮,なわしろ りょう,りょう,Nawashiro Ryou,Ryou
三木 俊介,みき しゅんすけ,みき,Miki Shunsuke,Miki
玉田 康文,たまだ やすふみ,たまだ,Tamada Yasufumi,Tamada
吉岡 瞬,よしおか しゅん,よしおか,Yoshioka Shun,Yoshioka
浜崎 克哉,はまさき かつや,はまさき,Hamasaki Katsuya,Hamasaki
市松 竜也,いちまつ たつや,いちまつ,Ichimatsu Tatsuya,Ichimatsu
安斎 友也,あんざい ともや,ともや,Anzai Tomoya,Tomoya
石原 高史,いしはら たかし,いしはら,Ishihara Takashi,Ishihara
大高 光洋,おおだか みつひろ,おおだか,Oodaka Mitsuhiro,Oodaka
柱谷 守,はしらたに まもる,はしらたに,Hashiratani Mamoru,Hashiratani
高岡 憲史,たかおか のりひと,たかおか,Takaoka Norihito,Takaoka
永野 幸平,ながの こうへい,ながの,Nagano Kouhei,Nagano
冷粋 翔,れいすい しょう,しょう,Reisui Shou,Shou
墨道 達哉,すみみち たつや,すみみち,Sumimichi Tatsuya,Sumimichi
根来 獅童,ねごろ しどう,ねごろ,Negoro Shidou,Negoro
越智 貞夫,おち さだお,さだお,Ochi Sadao,Sadao
盤屋 三郎,ばんや さぶろう,ばんや,Banya Saburou,Banya
堅山 真,かたやま しん,かたやま,Katayama Shin,Katayama
河田 健,かわた けん,かわた,Kawata Ken,Kawata
松下 祐基,まつした ゆうき,まつした,Matsushita Yuuki,Matsushita
模寺 仁晶,もでら ひろあき,モデラー,Modera Hiroaki,Moderaa
伯林 独,たかしげ ひとり,ベルリン,Takashige Hitori,Berurin
青野 穂高,あおの ほたか,あおの,Aono Hotaka,Aono
花園 精児,はなぞの せいじ,はなぞの,Hanazono Seiji,Hanazono
船田 光洋,ふなだ みつひろ,ふなだ,Funada Mitsuhiro,Funada
細田 啓介,ほそだ けいすけ,ほそだ,Hosoda Keisuke,Hosoda
映内 正樹,ひでうち まさき,ひでうち,Hideuchi Masaki,Hideuchi
藤波 貴真,ふじなみ たかまさ,ふじなみ,Fujinami Takamasa,Fujinami
花田 誠治,はなだ せいじ,はなだ,Hanada Seiji,Hanada
古賀 獅童,こが しどう,こが,Koga Shidou,Koga
埼玉 礼央,さいたま れお,さいたま,Saitama Reo,Saitama
粉川 悦,こながわ のぶ,こながわ,Konagawa Nobu,Konagawa
原沢 耕司,はらさわ こうじ,はらさわ,Harasawa Kouji,Harasawa
千葉 朗人,ちば ろうと,ちば,Chiba Routo,Chiba
東京 明志,とうきょう あかし,とうきょう,Toukyou Akashi,Toukyou
臼田 隆太,うすだ りゅうた,うすだ,Usuda Ryuuta,Usuda
桂 菊生,かつら きくお,かつら,Katsura Kikuo,Katsura
大場 充則,おおば みつのり,おおば,Ooba Mitsunori,Ooba
沖縄 清志,おきなわ きよし,おきなわ,Okinawa Kiyoshi,Okinawa
棒迫 満,ぼうさこ みつる,ぼうさこ,Bousako Mitsuru,Bousako
小池 暦,こいけ こよみ,こいけ,Koike Koyomi,Koike
針羅 憲史,しんら のりひと,しんら,Shinra Norihito,Shinra
谷村 刀麻,たにむら とうま,たにむら,Tanimura Touma,Tanimura
小幡 竜也,おばた たつや,おばた,Obata Tatsuya,Obata
極路 大作,きわみち だいさく,きわみち,Kiwamichi Daisaku,Kiwamichi
細径 塁,ほそみち るい,ほそみち,Hosomichi Rui,Hosomichi
宮地 弘也,みやち ひろなり,みやち,Miyachi Hironari,Miyachi
伊東 真一,いとう しんいち,イトー,Itou Shinichi,Itoo
美球 丈雄,みたま たけお,みたま,Mitama Takeo,Mitama
神奈川 航介,かながわ こうすけ,かながわ,Kanagawa Kousuke,Kanagawa
正目 光一,しょうめ こういち,しょうめい,Shoume Kouichi,Shoumei
小平 暖,こひら だん,こひら,Kohira Dan,Kohira
ヒロシ ドット,ひろし どっと,ヒロシ,Hiroshi Dotto,Hiroshi
小木 徹,おぎ とおる,おぎ,Ogi Tooru,Ogi
長山 赤彦,ながやま あかひこ,あかひこ,Nagayama Akahiko,Akahiko
録田 寛治,ろくた かんじ,ろくた,Rokuta Kanji,Rokuta
声野 亮介,こえの りょうすけ,こえの,Koeno Ryousuke,Koeno
五十嵐 明,いがらし あきら,いがらし,Igarashi Akira,Igarashi
警固 鉄洋,けご てつひろ,けご,Kego Tetsuhiro,Kego
吹石 光太郎,ふきいし こうたろう,ふきいし,Fukiishi Koutarou,Fukiishi
大丹羽 魁士,おおにわ かいし,おおにわ,Ooniwa Kaishi,Ooniwa
大阪 奈央彦,おおさか なおひこ,おおさか,Oosaka Naohiko,Oosaka
梶原 朝夫,かじわら あさお,かじわら,Kajiwara Asao,Kajiwara
柔 光良,やわら てるよし,やわら,Yawara Teruyoshi,Yawara
京都 倭一,きょうと わいち,きょうと,Kyouto Waichi,Kyouto
三重 泰輔,みえ たいすけ,みえ,Mie Taisuke,Mie
吉野 大,よしの まさる,よしの,Yoshino Masaru,Yoshino
横田 ケンイチ,よこた けんいち,よこた,Yokota Kenichi,Yokota
縦 演明,たて のぶあき,たて,Tate Nobuaki,Tate
界戸 瞬,かいと しゅん,しゅん,Kaito Shun,Shun
末久 朗,すえひさ ろう,すえひさ,Suehisa Rou,Suehisa
真爪 雅彦,まづめ まさひこ,まづめ,Mazume Masahiko,Mazume
筋原 俊二,すじはら しゅんじ,すじはら,Sujihara Shunji,Sujihara
神田 基祐,かんだ きすけ,かんだ,Kanda Kisuke,Kanda
円輪 豊,まるわ ゆたか,まるわ,Maruwa Yutaka,Maruwa
森林 進,もりばやし すすむ,もりばやし,Moribayashi Susumu,Moribayashi
若井 哲平,わかい てっぺい,てっぺい,Wakai Teppei,Teppei
古文 次元,ふるふみ じげん,ふるふみ,Furufumi Jigen,Furufumi
舞鶴 浩正,まいづる ひろまさ,まいづる,Maizuru Hiromasa,Maizuru
橘 フミヤ,たちばな ふみや,たちばな,Tachibana Fumiya,Tachibana
若杉 洋,わかすぎ よう,わかすぎ,Wakasugi You,Wakasugi
塩田 道之介,しおた みちのすけ,しおた,Shiota Michinosuke,Shiota
外山 大樹,そとやま ひろき,そとやま,Sotoyama Hiroki,Sotoyama
西谷 研二,にしや けんじ,にしや,Nishiya Kenji,Nishiya
池州 宗彦,いけす むねひこ,いけす,Ikesu Munehiko,Ikesu
請川 渡志,うけがわ わたし,うけがわ,Ukegawa Watashi,Ukegawa
早津 愛輝,はやつ あいき,はやつ,Hayatsu Aiki,Hayatsu
角 努,すみ つとむ,すみ,Sumi Tsutomu,Sumi
中館 ヒロ,なかだて ひろ,なかだて,Nakadate Hiro,Nakadate
今井 扶樹,いまい もとき,いまい,Imai Motoki,Imai
塗谷 貞哉,ぬりたに さだや,ぬりたに,Nuritani Sadaya,Nuritani
大和田 隆太,おおわだ りゅうた,おおわだ,Oowada Ryuuta,Oowada
幸原 一徳,こうはら いっとく,いっとく,Kouhara Ittoku,Ittoku
大崎 練,おおさき れん,おおさき,Oosaki Ren,Oosaki
騎藤 瞬士,きとう しゅんじ,きとう,Kitou Shunji,Kitou
島袋 誠治,しまぶくろ せいじ,しまぶくろ,Shimabukuro Seiji,Shimabukuro
松本 はやと,まつもと はやと,はやと,Matsumoto Hayato,Hayato
夕霧  爽也,ゆうぎり そうや,ゆうぎり,Yuugiri Souya,Yuugiri
渡辺 映宏,わたなべ あきひろ,わたなべ,Watanabe Akihiro,Watanabe
赤羽 隼士,あかばね しゅんじ,あかばね,Akabane Shunji,Akabane
乗松 響平,のりまつ きょうへい,のりまつ,Norimatsu Kyouhei,Norimatsu
馬場 信輔,ばば しんすけ,ばば,Baba Shinsuke,Baba
旅本 明宏,たびもと あきひろ,たびもと,Tabimoto Akihiro,Tabimoto
加持 徹,かじ とおる,かじ,Kaji Tooru,Kaji
上条 時生,かみじょう ときお,ときお,Kamijou Tokio,Tokio
門上 捻治,かどがみ ねんじ,かどがみ,Kadogami Nenji,Kadogami
エイ キング,えい きんぐ,エイ,Ei Kingu,Ei
西原 裕次郎,にしはら ゆうじろう,にしはら,Nishihara Yuujirou,Nishihara
山道 大樹,やまみち ひろき,やまみち,Yamamichi Hiroki,Yamamichi
西部 鷹也 ,にしべ たかや,せいぶ,Nishibe Takaya,Seibu
鼻本 丈雄,はなもと たけお,はなもと,Hanamoto Takeo,Hanamoto
藤村 刃,ふじむら やいば,ふじむら,Fujimura Yaiba,Fujimura
大林 たかお,おおばやし たかお,おおばやし,Oobayashi Takao,Oobayashi
板橋 真,いたばし しん,いたばし,Itabashi Shin,Itabashi
宇賀 士郎,うが しろう,うが,Uga Shirou,Uga
沢村 瞬,さわむら しゅん,さわむら,Sawamura Shun,Sawamura
八田 秀隆,やつだ ひでたか,やつだ,Yatsuda Hidetaka,Yatsuda
氷山 有起哉,こおりやま ゆきや,こおりやま,Kooriyama Yukiya,Kooriyama
森田 英雄,もりた ひでひろ,えいゆう,Morita Hidehiro,Eiyuu
大将 拳,おおまさ けん,おおまさ,Oomasa Ken,Oomasa
藤崎 三省,ふじさき さんせい,ふじさき,Fujisaki Sansei,Fujisaki
帆市 輝明,ほし てるあき,スター,Hoshi Teruaki,Sutaa
号田 具流,ごうだ ぐる,ゴーグル,Gouda Guru,Googuru
勝喜 快翔,かっき かいと,カイト,Kakki Kaito,Kaito
空野 ルイ,そらの るい,クール,Sorano Rui,Kuuru
自亜 米佳,じあ まいか,マイカ,Jia Maika,Maika
車谷 曲男,くるまたに まげお,くるるん,Kurumatani Mageo,Kururun
阿後 大三,あご だいさく,あごん,Ago Daisaku,Agon
木田 悠翔,きだ ゆうと,ユウト,Kida Yuuto,Yuuto
波 乗輔,なみ のりすけ,なみのり,Nami Norisuke,Naminori
駒込 豆太,こまこみ まめた,こままめ,Komakomi Mameta,Komamame
一之瀬 一哉,いちのせ かずや,いちのせ,Ichinose Kazuya,Ichinose
土門 飛鳥,どもん あすか,どもん,Domon Asuka,Domon
多摩野 五郎,たまの ごろう,たまごろう,Tamano Gorou,Tamagorou
角馬 圭太,かくま けいた,けいた,Kakuma Keita,Keita
角馬 圭太,かくま けいた,？？？？,Kakuma Keita,？？？？
サガミネーター,サガミネーター,サガミネタ,Sagamineetaa,Sagamineta
鬼道 有人,きどう ゆうと,きどう,Kidou Yuuto,Kidou
闇野 カゲト,やみの かげと,シャドウ,Yamino Kageto,Shadou
安居 真司,やすい しんじ,やすい,Yasui Shinji,Yasui
碓井 次郎,うすい じろう,うすい,Usui Jirou,Usui
雷門 総一郎,らいもん そういちろう,らいもん,Raimon Souichirou,Raimon
影山 零治,かげやま れいじ,かげやま,Kageyama Reiji,Kageyama
火来 伸蔵,ひらい しんぞう,ひらい,Hirai Shinzou,Hirai
鬼瓦 源五郎,おにがわら げんごろう,おにがわら,Onigawara Gengorou,Onigawara
円堂 大介,えんどう だいすけ,だいすけ,Endou Daisuke,Daisuke
影山 東吾,かげやま とうご,とうご,Kageyama Tougo,Tougo
鬼瓦 源五郎２,おにがわら げんごろう,？？？？,Onigawara Gengorou,？？？？
音無 春奈２,おとなし はるな２,？？？？,Otonashi Haruna２,？？？？
豪炎寺 夕香,ごうえんじ ゆうか,ゆうか,Gouenji Yuuka,Yuuka
円堂 広志,えんどう ひろし,ひろし,Endou Hiroshi,Hiroshi
円堂 温子,えんどう あつこ,あつこ,Endou Atsuko,Atsuko
顔なし,かおなし,？？？？,Kaonashi,？？？？
土門シルエ,どもんしるえ,？？？？,Domonshirue,？？？？
冬海シルエ,ふゆかいしるえ,？？？？,Fuyukaishirue,？？？？
壁山 サク,かべやま さく,サク,Kabeyama Saku,Saku
古株,ふるかぶ,ふるかぶ,Furukabu,Furukabu
影山シルエ,かげやま れいじ,？？？？,Kageyama Reiji,？？？？
安西 勝,あんざい まさる,あんざい,Anzai Masaru,Anzai
地木流 灰人,じきる はいと,じきる,Jikiru Haito,Jikiru
他山 幸助,たざん こうすけ,たざん,Tazan Kousuke,Tazan
富山 新一郎,とやま しんいちろう,とやま,Toyama Shinichirou,Toyama
真二屋 才人,まにや さいと,まにや,Maniya Saito,Maniya
伊賀島 仙一,いがじま せんいち,いがじま,Igajima Senichi,Igajima
新野 亀吉,しんの かめきち,しんの,Shinno Kamekichi,Shinno
二階堂 修吾,にかいどう しゅうご,にかいどう,Nikaidou Shuugo,Nikaidou
木崎 里,きざき さと,きざき,Kizaki Sato,Kizaki
不良１,ふりょう１,ひらおか,Furyou１,Hiraoka
不良２,ふりょう２,たにまち,Furyou２,Tanimachi
不良３,ふりょう３,ふかえ,Furyou３,Fukae
不良４,ふりょう４,ながせ,Furyou４,Nagase
黒服,くろふく,くろふく,Kurofuku,Kurofuku
黒服,くろふく,くろふく,Kurofuku,Kurofuku
黒服,くろふく,くろふく,Kurofuku,Kurofuku
黒服,くろふく,くろふく,Kurofuku,Kurofuku
黒服,くろふく,くろふく,Kurofuku,Kurofuku
黒服,くろふく,くろふく,Kurofuku,Kurofuku
黒服,くろふく,くろふく,Kurofuku,Kurofuku
黒服,くろふく,くろふく,Kurofuku,Kurofuku
黒服,くろふく,くろふく,Kurofuku,Kurofuku
黒服,くろふく,くろふく,Kurofuku,Kurofuku
黒服,くろふく,くろふく,Kurofuku,Kurofuku
黒服,くろふく,くろふく,Kurofuku,Kurofuku
雷門中生徒１,せいと１,せいと１,Seito１,Seito１
雷門中生徒２,せいと２,せいと２,Seito２,Seito２
雷門中生徒３,せいと３,せいと３,Seito３,Seito３
雷門中生徒４,せいと４,せいと４,Seito４,Seito４
雷門中生徒５,せいと５,せいと５,Seito５,Seito５
雷門中生徒６,せいと６,せいと６,Seito６,Seito６
雷門中生徒７,せいと７,せいと７,Seito７,Seito７
雷門中生徒８,せいと８,せいと８,Seito８,Seito８
雷門中生徒９,せいと９,せいと９,Seito９,Seito９
雷門中生徒１０,せいと１０,せいと１０,Seito１０,Seito１０
雷門中生徒１１,せいと１１,せいと１１,Seito１１,Seito１１
雷門中生徒１２,せいと１２,せいと１２,Seito１２,Seito１２
雷門中生徒１３,せいと１３,せいと１３,Seito１３,Seito１３
雷門中生徒１４,せいと１４,せいと１４,Seito１４,Seito１４
雷門中生徒１５,せいと１５,せいと１５,Seito１５,Seito１５
雷門中生徒１６,せいと１６,せいと１６,Seito１６,Seito１６
雷門中生徒１７,せいと１７,さおとめ,Seito１７,Saotome
雷門中生徒１８,せいと１８,せいと１８,Seito１８,Seito１８
雷門中生徒１９,せいと１９,せいと１９,Seito１９,Seito１９
雷門中生徒２０,せいと２０,せいと２０,Seito２０,Seito２０
雷門中生徒２１,せいと２１,せいと２１,Seito２１,Seito２１
雷門中生徒２２,せいと２２,せいと２２,Seito２２,Seito２２
雷門中生徒２３,せいと２３,せいと２３,Seito２３,Seito２３
雷門中生徒２４,せいと２４,せいと２４,Seito２４,Seito２４
雷門中生徒２５,せいと２５,せいと２５,Seito２５,Seito２５
雷門中生徒２６,せいと２６,せいと２６,Seito２６,Seito２６
雷門中生徒２７,せいと２７,せいと２７,Seito２７,Seito２７
雷門中生徒２８,せいと２８,せいと２８,Seito２８,Seito２８
雷門中生徒２９,せいと２９,せいと２９,Seito２９,Seito２９
雷門中生徒３０,せいと３０,せいと３０,Seito３０,Seito３０
雷門中生徒３１,せいと３１,せいと３１,Seito３１,Seito３１
雷門中生徒３２,せいと３２,せいと３２,Seito３２,Seito３２
雷門中生徒３３,せいと３３,せいと３３,Seito３３,Seito３３
雷門中生徒３４,せいと３４,せいと３４,Seito３４,Seito３４
雷門中生徒３５,せいと３５,せいと３５,Seito３５,Seito３５
雷門中生徒３６,せいと３６,せいと３６,Seito３６,Seito３６
雷門中生徒３７,せいと３７,あずま,Seito３７,Azuma
雷門中生徒３８,せいと３８,せいと３８,Seito３８,Seito３８
雷門中生徒３９,せいと３９,せいと３９,Seito３９,Seito３９
雷門中生徒４０,せいと４０,せいと４０,Seito４０,Seito４０
雷門中生徒４１,せいと４１,ひだか,Seito４１,Hidaka
雷門中生徒４２,せいと４２,せいと４２,Seito４２,Seito４２
雷門中生徒４３,せいと４３,せいと４３,Seito４３,Seito４３
雷門中生徒４４,せいと４４,せいと４４,Seito４４,Seito４４
雷門中生徒４５,せいと４５,せいと４５,Seito４５,Seito４５
雷門中生徒４６,せいと４６,せいと４６,Seito４６,Seito４６
雷門中生徒４７,せいと４７,せいと４７,Seito４７,Seito４７
雷門中生徒４８,せいと４８,せいと４８,Seito４８,Seito４８
雷門中生徒４９,せいと４９,せいと４９,Seito４９,Seito４９
雷門中生徒５０,せいと５０,せいと５０,Seito５０,Seito５０
雷門中生徒５１,せいと５１,せいと５１,Seito５１,Seito５１
雷門中生徒５２,せいと５２,せいと５２,Seito５２,Seito５２
雷門中生徒５３,せいと５３,せいと５３,Seito５３,Seito５３
雷門中生徒５４,せいと５４,せいと５４,Seito５４,Seito５４
今野 新,こんの あらた,こんの,Konno Arata,Konno
雷門中生徒５６,せいと５６,せいと５６,Seito５６,Seito５６
雷門中生徒５７,せいと５７,せいと５７,Seito５７,Seito５７
雷門中生徒５８,せいと５８,せいと５８,Seito５８,Seito５８
雷門中生徒５９,せいと５９,せいと５９,Seito５９,Seito５９
雷門中生徒６０,せいと６０,せいと６０,Seito６０,Seito６０
雷門中生徒女１,せいお１,せいお１,Seio１,Seio１
雷門中生徒女２,せいお２,せいお２,Seio２,Seio２
雷門中生徒女３,せいお３,せいお３,Seio３,Seio３
雷門中生徒女４,せいお４,せいお４,Seio４,Seio４
雷門中生徒女５,せいお５,せいお５,Seio５,Seio５
雷門中生徒女６,せいお６,せいお６,Seio６,Seio６
雷門中生徒女７,せいお７,せいお７,Seio７,Seio７
雷門中生徒女８,せいお８,せいお８,Seio８,Seio８
雷門中生徒女９,せいお９,せいお９,Seio９,Seio９
雷門中生徒女１,せいお１０,かつらぎ,Seio１０,Katsuragi
雷門中生徒女１,せいお１１,せいお１１,Seio１１,Seio１１
雷門中生徒女１,せいお１２,せいお１２,Seio１２,Seio１２
雷門中生徒女１,せいお１３,せいお１３,Seio１３,Seio１３
雷門中生徒女１,せいお１４,せいお１４,Seio１４,Seio１４
雷門中生徒女１,せいお１５,せいお１５,Seio１５,Seio１５
雷門中生徒女１,せいお１６,せいお１６,Seio１６,Seio１６
雷門中生徒女１,せいお１７,せいお１７,Seio１７,Seio１７
雷門中生徒女１,せいお１８,せいお１８,Seio１８,Seio１８
雷門中生徒女１,せいお１９,おおたに,Seio１９,Ootani
雷門中生徒女２,せいお２０,せいお２０,Seio２０,Seio２０
雷門中生徒女２,せいお２１,せいお２１,Seio２１,Seio２１
雷門中生徒女２,せいお２２,せいお２２,Seio２２,Seio２２
雷門中生徒女２,せいお２３,せいお２３,Seio２３,Seio２３
雷門中生徒女２,せいお２４,せいお２４,Seio２４,Seio２４
雷門中生徒女２,せいお２５,せいお２５,Seio２５,Seio２５
雷門中生徒女２,せいお２６,せいお２６,Seio２６,Seio２６
雷門中生徒女２,せいお２７,せいお２７,Seio２７,Seio２７
雷門中生徒女２,せいお２８,せいお２８,Seio２８,Seio２８
雷門中生徒女２,せいお２９,せいお２９,Seio２９,Seio２９
雷門中生徒女３,せいお３０,せいお３０,Seio３０,Seio３０
雷門中教師１,きょうし１,きょうし１,Kyoushi１,Kyoushi１
雷門中教師２,きょうし２,きょうし２,Kyoushi２,Kyoushi２
雷門中教師３,きょうし３,おこのぎ,Kyoushi３,Okonogi
雷門中教師４,きょうし４,きょうし４,Kyoushi４,Kyoushi４
雷門中教師５,きょうし５,きょうし５,Kyoushi５,Kyoushi５
雷門中教師６,きょうし６,きょうし６,Kyoushi６,Kyoushi６
雷門中教師７,きょうし７,きょうし７,Kyoushi７,Kyoushi７
雷門中教師８,きょうし８,きょうし８,Kyoushi８,Kyoushi８
雷門中教師９,きょうし９,きょうし９,Kyoushi９,Kyoushi９
雷門中教師女１,きょうお１,しらとり,Kyouo１,Shiratori
雷門中教師女２,きょうお２,きょうお２,Kyouo２,Kyouo２
雷門中教師女３,きょうお３,きょうお３,Kyouo３,Kyouo３
雷門中教師女４,きょうお４,きょうお４,Kyouo４,Kyouo４
雷門中教師女５,きょうお５,きょうお５,Kyouo５,Kyouo５
雷門中教師女６,きょうお６,きょうお６,Kyouo６,Kyouo６
雷門中教師女７,きょうお７,きょうお７,Kyouo７,Kyouo７
雷門中教師女８,きょうお８,きょうお８,Kyouo８,Kyouo８
雷門中教師女９,きょうお９,きょうお９,Kyouo９,Kyouo９
ねこ,ねこ,ねこ,Neko,Neko
にわとり,にわとり,にわとり,Niwatori,Niwatori
いぬ,いぬ,いぬ,Inu,Inu
うさぎ,うさぎ,うさぎ,Usagi,Usagi
ふつう男０１,おとこ０１,おとこ０１,Otoko０１,Otoko０１
ふつう男０２,おとこ０１,おとこ０１,Otoko０１,Otoko０１
ふつう男０３,おとこ０１,おとこ０１,Otoko０１,Otoko０１
ふつう男０４,おとこ０１,おとこ０１,Otoko０１,Otoko０１
ふつう男０５,おとこ０１,おとこ０１,Otoko０１,Otoko０１
ふつう男０６,おとこ０１,おとこ０１,Otoko０１,Otoko０１
ふつう男０７,おとこ０１,おとこ０１,Otoko０１,Otoko０１
ふつう男０８,おとこ０１,おとこ０１,Otoko０１,Otoko０１
ふつう男０９,おとこ０１,おとこ０１,Otoko０１,Otoko０１
ふつう男１０,おとこ０１,おとこ０１,Otoko０１,Otoko０１
ふつう男１１,おとこ０１,おとこ０１,Otoko０１,Otoko０１
ふつう男１２,おとこ０１,おとこ０１,Otoko０１,Otoko０１
ふつう女０１,おんな０１,おんな０１,Onna０１,Onna０１
ふつう女０２,おんな０２,おんな０２,Onna０２,Onna０２
ふつう女０３,おんな０３,おんな０３,Onna０３,Onna０３
ふつう女０４,おんな０４,おんな０４,Onna０４,Onna０４
ふつう女０５,おんな０５,おんな０５,Onna０５,Onna０５
ふつう女０６,おんな０６,おんな０６,Onna０６,Onna０６
ふつう女０７,おんな０７,おんな０７,Onna０７,Onna０７
ふつう女０８,おんな０８,おんな０８,Onna０８,Onna０８
ふつう女０９,おんな０９,おんな０９,Onna０９,Onna０９
ふつう女１０,おんな１０,おんな１０,Onna１０,Onna１０
ふつう女１１,おんな１１,おんな１１,Onna１１,Onna１１
ふつう女１２,おんな１２,おんな１２,Onna１２,Onna１２
じいさん１,じい１,じい１,Jii１,Jii１
じいさん２,じい２,じい２,Jii２,Jii２
じいさん３,じい３,じい３,Jii３,Jii３
じいさん４,じい４,じい４,Jii４,Jii４
じいさん５,じい５,じい５,Jii５,Jii５
じいさん６,じい６,じい６,Jii６,Jii６
ばあさん１,ばあ１,ばあ１,Baa１,Baa１
ばあさん２,ばあ２,ばあ２,Baa２,Baa２
ばあさん３,ばあ３,ばあ３,Baa３,Baa３
ばあさん４,ばあ４,おヨネ,Baa４,Oyone
ばあさん５,ばあ５,ばあ５,Baa５,Baa５
ばあさん６,ばあ６,ばあ６,Baa６,Baa６
男の子１,おとここ１,おとここ１,Otokoko１,Otokoko１
男の子２,おとここ２,おとここ２,Otokoko２,Otokoko２
男の子３,おとここ３,おとここ３,Otokoko３,Otokoko３
男の子４,おとここ４,おとここ４,Otokoko４,Otokoko４
男の子５,おとここ５,おとここ５,Otokoko５,Otokoko５
男の子６,おとここ６,そらた,Otokoko６,Sorata
女の子１,おんなこ１,ゆき,Onnako１,Yuki
女の子２,おんなこ２,おんなこ２,Onnako２,Onnako２
女の子３,おんなこ３,おんなこ３,Onnako３,Onnako３
女の子４,おんなこ４,おんなこ４,Onnako４,Onnako４
女の子５,おんなこ５,おんなこ５,Onnako５,Onnako５
女の子６,おんなこ６,おんなこ６,Onnako６,Onnako６
店員１,しょっぷ１,しょっぷ１,Shoppu１,Shoppu１
店員２,しょっぷ２,しょっぷ２,Shoppu２,Shoppu２
店員３,しょっぷ３,てんちょう,Shoppu３,Tenchou
店員４,しょっぷ４,しょっぷ４,Shoppu４,Shoppu４
メイド１,めいど１,メイド,Meido１,Meido
メイド２,めいど２,めいど２,Meido２,Meido２
メイド３,めいど３,めいど３,Meido３,Meido３
医師１,いし１,いし１,Ishi１,Ishi１
医師２,いし２,いし２,Ishi２,Ishi２
看護師１,かんごし１,かんごし１,Kangoshi１,Kangoshi１
看護師２,かんごし２,かんごし２,Kangoshi２,Kangoshi２
看護師３,かんごし３,かんごし３,Kangoshi３,Kangoshi３
駅員１,えき１,えき１,Eki１,Eki１
駅員未使用,えき２,えき２,Eki２,Eki２
警察官１,けいさつ１,けいさつ,Keisatsu１,Keisatsu
警察官,けいさつ２,けいさつ,Keisatsu２,Keisatsu
イナビカリ係員,いなび１,いなび１,Inabi１,Inabi１
夏未部下,なつみぶか,なつみぶか,Natsumibuka,Natsumibuka
ゼウス係員１,ぜうす１,ぜうす１,Zeusu１,Zeusu１
ゼウス黒服,ぜうすくろ,ぜうすくろ,Zeusukuro,Zeusukuro
帝国一般１,ていこく１,ていこく１,Teikoku１,Teikoku１
帝国一般２,ていこく２,ていこく２,Teikoku２,Teikoku２
帝国一般３,ていこく３,ていこく３,Teikoku３,Teikoku３
野生一般１,やせい１,やせい１,Yasei１,Yasei１
野生一般２,やせい２,やせい２,Yasei２,Yasei２
野生一般３,やせい３,やせい３,Yasei３,Yasei３
山下,やました,やました,Yamashita,Yamashita
古田,ふるた,ふるた,Furuta,Furuta
マップ用キラキ,きらきら１,きらきら１,Kirakira１,Kirakira１
マップ用キラキ,きらきら２,きらきら２,Kirakira２,Kirakira２
ダミー,ダミー,ダミー,Damii,Damii
ダミー,ダミー,ダミー,Damii,Damii
ダミー,ダミー,ダミー,Damii,Damii
ダミー,ダミー,ダミー,Damii,Damii
ダミー,ダミー,ダミー,Damii,Damii
ダミー,ダミー,ダミー,Damii,Damii
ダミー,ダミー,ダミー,Damii,Damii
ダミー,ダミー,ダミー,Damii,Damii
ダミー,ダミー,ダミー,Damii,Damii
ダミー,ダミー,ダミー,Damii,Damii
ダミー,ダミー,ダミー,Damii,Damii
ダミー,ダミー,ダミー,Damii,Damii
ダミー,ダミー,ダミー,Damii,Damii
ダミー,ダミー,ダミー,Damii,Damii
ダミー,ダミー,ダミー,Damii,Damii
ダミー,ダミー,ダミー,Damii,Damii
ダミー,ダミー,ダミー,Damii,Damii
ダミー,ダミー,ダミー,Damii,Damii
ダミー,ダミー,ダミー,Damii,Damii
ダミー,ダミー,ダミー,Damii,Damii
ダミー,ダミー,ダミー,Damii,Damii
ダミー,ダミー,ダミー,Damii,Damii
ダミー,ダミー,ダミー,Damii,Damii
ダミー,ダミー,ダミー,Damii,Damii
ダミー,ダミー,ダミー,Damii,Damii
ダミー,ダミー,ダミー,Damii,Damii
ダミー,ダミー,ダミー,Damii,Damii
ダミー,ダミー,ダミー,Damii,Damii
ダミー,ダミー,ダミー,Damii,Damii
ダミー,ダミー,ダミー,Damii,Damii
ダミー,ダミー,ダミー,Damii,Damii
ダミー,ダミー,ダミー,Damii,Damii
ダミー,ダミー,ダミー,Damii,Damii
ダミー,ダミー,ダミー,Damii,Damii
ダミー,ダミー,ダミー,Damii,Damii
ダミー,ダミー,ダミー,Damii,Damii
ダミー,ダミー,ダミー,Damii,Damii
ダミー,ダミー,ダミー,Damii,Damii
ダミー,ダミー,ダミー,Damii,Damii
ダミー,ダミー,ダミー,Damii,Damii
ダミー,ダミー,ダミー,Damii,Damii
ダミー,ダミー,ダミー,Damii,Damii
ダミー,ダミー,ダミー,Damii,Damii
ダミー,ダミー,ダミー,Damii,Damii
ダミー,ダミー,ダミー,Damii,Damii
ダミー,ダミー,ダミー,Damii,Damii
ダミー,ダミー,ダミー,Damii,Damii
ダミー,ダミー,ダミー,Damii,Damii
ダミー,ダミー,ダミー,Damii,Damii
ダミー,ダミー,ダミー,Damii,Damii
ダミー,ダミー,ダミー,Damii,Damii
ダミー,ダミー,ダミー,Damii,Damii
ダミー,ダミー,ダミー,Damii,Damii
ダミー,ダミー,ダミー,Damii,Damii
ダミー,ダミー,ダミー,Damii,Damii
ダミー,ダミー,ダミー,Damii,Damii
ダミー,ダミー,ダミー,Damii,Damii
ダミー,ダミー,ダミー,Damii,Damii
ダミー,ダミー,ダミー,Damii,Damii
ダミー,ダミー,ダミー,Damii,Damii
ダミー,ダミー,ダミー,Damii,Damii
ダミー,ダミー,ダミー,Damii,Damii
ダミー,ダミー,ダミー,Damii,Damii
ダミー,ダミー,ダミー,Damii,Damii
ダミー,ダミー,ダミー,Damii,Damii
ダミー,ダミー,ダミー,Damii,Damii
ダミー,ダミー,ダミー,Damii,Damii
ダミー,ダミー,ダミー,Damii,Damii
ダミー,ダミー,ダミー,Damii,Damii
ダミー,ダミー,ダミー,Damii,Damii
ダミー,ダミー,ダミー,Damii,Damii
ダミー,ダミー,ダミー,Damii,Damii
ダミー,ダミー,ダミー,Damii,Damii
ダミー,ダミー,ダミー,Damii,Damii
ダミー,ダミー,ダミー,Damii,Damii
ダミー,ダミー,ダミー,Damii,Damii
ダミー,ダミー,ダミー,Damii,Damii
ダミー,ダミー,ダミー,Damii,Damii
ダミー,ダミー,ダミー,Damii,Damii
ダミー,ダミー,ダミー,Damii,Damii
ダミー,ダミー,ダミー,Damii,Damii
ダミー,ダミー,ダミー,Damii,Damii
ダミー,ダミー,ダミー,Damii,Damii
ダミー,ダミー,ダミー,Damii,Damii
ダミー,ダミー,ダミー,Damii,Damii
ダミー,ダミー,ダミー,Damii,Damii
ダミー,ダミー,ダミー,Damii,Damii
ダミー,ダミー,ダミー,Damii,Damii
ダミー,ダミー,ダミー,Damii,Damii
ダミー,ダミー,ダミー,Damii,Damii
ダミー,ダミー,ダミー,Damii,Damii
ダミー,ダミー,ダミー,Damii,Damii
ダミー,ダミー,ダミー,Damii,Damii
ダミー,ダミー,ダミー,Damii,Damii
ダミー,ダミー,ダミー,Damii,Damii
ダミー,ダミー,ダミー,Damii,Damii
ダミー,ダミー,ダミー,Damii,Damii
ダミー,ダミー,ダミー,Damii,Damii
ダミー,ダミー,ダミー,Damii,Damii
ダミー,ダミー,ダミー,Damii,Damii
ダミー,ダミー,ダミー,Damii,Damii
ダミー,ダミー,ダミー,Damii,Damii
ダミー,ダミー,ダミー,Damii,Damii
ダミー,ダミー,ダミー,Damii,Damii
ダミー,ダミー,ダミー,Damii,Damii
ダミー,ダミー,ダミー,Damii,Damii
ダミー,ダミー,ダミー,Damii,Damii
ダミー,ダミー,ダミー,Damii,Damii
ダミー,ダミー,ダミー,Damii,Damii
ダミー,ダミー,ダミー,Damii,Damii
ダミー,ダミー,ダミー,Damii,Damii
ダミー,ダミー,ダミー,Damii,Damii
ダミー,ダミー,ダミー,Damii,Damii
ダミー,ダミー,ダミー,Damii,Damii
ダミー,ダミー,ダミー,Damii,Damii
ダミー,ダミー,ダミー,Damii,Damii
ダミー,ダミー,ダミー,Damii,Damii
ダミー,ダミー,ダミー,Damii,Damii
ダミー,ダミー,ダミー,Damii,Damii
ダミー,ダミー,ダミー,Damii,Damii
ダミー,ダミー,ダミー,Damii,Damii
ダミー,ダミー,ダミー,Damii,Damii
ダミー,ダミー,ダミー,Damii,Damii
ダミー,ダミー,ダミー,Damii,Damii
ダミー,ダミー,ダミー,Damii,Damii
ダミー,ダミー,ダミー,Damii,Damii
ダミー,ダミー,ダミー,Damii,Damii
ダミー,ダミー,ダミー,Damii,Damii
ダミー,ダミー,ダミー,Damii,Damii
ダミー,ダミー,ダミー,Damii,Damii
ダミー,ダミー,ダミー,Damii,Damii
ダミー,ダミー,ダミー,Damii,Damii
ダミー,ダミー,ダミー,Damii,Damii
ダミー,ダミー,ダミー,Damii,Damii
ダミー,ダミー,ダミー,Damii,Damii
ダミー,ダミー,ダミー,Damii,Damii
ダミー,ダミー,ダミー,Damii,Damii
ダミー,ダミー,ダミー,Damii,Damii
ダミー,ダミー,ダミー,Damii,Damii
ダミー,ダミー,ダミー,Damii,Damii
ダミー,ダミー,ダミー,Damii,Damii
ダミー,ダミー,ダミー,Damii,Damii
ダミー,ダミー,ダミー,Damii,Damii
ダミー,ダミー,ダミー,Damii,Damii
ダミー,ダミー,ダミー,Damii,Damii
ダミー,ダミー,ダミー,Damii,Damii
ダミー,ダミー,ダミー,Damii,Damii
ダミー,ダミー,ダミー,Damii,Damii
ダミー,ダミー,ダミー,Damii,Damii
ダミー,ダミー,ダミー,Damii,Damii
ダミー,ダミー,ダミー,Damii,Damii
ダミー,ダミー,ダミー,Damii,Damii
ダミー,ダミー,ダミー,Damii,Damii
ダミー,ダミー,ダミー,Damii,Damii
ダミー,ダミー,ダミー,Damii,Damii
ダミー,ダミー,ダミー,Damii,Damii
ダミー,ダミー,ダミー,Damii,Damii
ダミー,ダミー,ダミー,Damii,Damii
ダミー,ダミー,ダミー,Damii,Damii
ダミー,ダミー,ダミー,Damii,Damii
ダミー,ダミー,ダミー,Damii,Damii
ダミー,ダミー,ダミー,Damii,Damii
ダミー,ダミー,ダミー,Damii,Damii
ダミー,ダミー,ダミー,Damii,Damii
ダミー,ダミー,ダミー,Damii,Damii
ダミー,ダミー,ダミー,Damii,Damii
ダミー,ダミー,ダミー,Damii,Damii
ダミー,ダミー,ダミー,Damii,Damii
ダミー,ダミー,ダミー,Damii,Damii
ダミー,ダミー,ダミー,Damii,Damii
ダミー,ダミー,ダミー,Damii,Damii
ダミー,ダミー,ダミー,Damii,Damii
ダミー,ダミー,ダミー,Damii,Damii
ダミー,ダミー,ダミー,Damii,Damii
ダミー,ダミー,ダミー,Damii,Damii
ダミー,ダミー,ダミー,Damii,Damii
ダミー,ダミー,ダミー,Damii,Damii
ダミー,ダミー,ダミー,Damii,Damii
ダミー,ダミー,ダミー,Damii,Damii
ダミー,ダミー,ダミー,Damii,Damii
ダミー,ダミー,ダミー,Damii,Damii
ダミー,ダミー,ダミー,Damii,Damii
ダミー,ダミー,ダミー,Damii,Damii
ダミー,ダミー,ダミー,Damii,Damii
ダミー,ダミー,ダミー,Damii,Damii
ダミー,ダミー,ダミー,Damii,Damii
ダミー,ダミー,ダミー,Damii,Damii
ダミー,ダミー,ダミー,Damii,Damii
ダミー,ダミー,ダミー,Damii,Damii
ダミー,ダミー,ダミー,Damii,Damii
ダミー,ダミー,ダミー,Damii,Damii
ダミー,ダミー,ダミー,Damii,Damii
ダミー,ダミー,ダミー,Damii,Damii
ダミー,ダミー,ダミー,Damii,Damii
ダミー,ダミー,ダミー,Damii,Damii
ダミー,ダミー,ダミー,Damii,Damii
ダミー,ダミー,ダミー,Damii,Damii
ダミー,ダミー,ダミー,Damii,Damii
ダミー,ダミー,ダミー,Damii,Damii
ダミー,ダミー,ダミー,Damii,Damii
ダミー,ダミー,ダミー,Damii,Damii
ダミー,ダミー,ダミー,Damii,Damii
ダミー,ダミー,ダミー,Damii,Damii
ダミー,ダミー,ダミー,Damii,Damii
ダミー,ダミー,ダミー,Damii,Damii
ダミー,ダミー,ダミー,Damii,Damii
ダミー,ダミー,ダミー,Damii,Damii
ダミー,ダミー,ダミー,Damii,Damii
ダミー,ダミー,ダミー,Damii,Damii
ダミー,ダミー,ダミー,Damii,Damii
ダミー,ダミー,ダミー,Damii,Damii
ダミー,ダミー,ダミー,Damii,Damii
ダミー,ダミー,ダミー,Damii,Damii
ダミー,ダミー,ダミー,Damii,Damii
ダミー,ダミー,ダミー,Damii,Damii
ダミー,ダミー,ダミー,Damii,Damii
ダミー,ダミー,ダミー,Damii,Damii
ダミー,ダミー,ダミー,Damii,Damii
ダミー,ダミー,ダミー,Damii,Damii
ダミー,ダミー,ダミー,Damii,Damii
ダミー,ダミー,ダミー,Damii,Damii
ダミー,ダミー,ダミー,Damii,Damii
ダミー,ダミー,ダミー,Damii,Damii
ダミー,ダミー,ダミー,Damii,Damii
ダミー,ダミー,ダミー,Damii,Damii
ダミー,ダミー,ダミー,Damii,Damii
ダミー,ダミー,ダミー,Damii,Damii
ダミー,ダミー,ダミー,Damii,Damii
ダミー,ダミー,ダミー,Damii,Damii
ダミー,ダミー,ダミー,Damii,Damii
ダミー,ダミー,ダミー,Damii,Damii
ダミー,ダミー,ダミー,Damii,Damii
ダミー,ダミー,ダミー,Damii,Damii
ダミー,ダミー,ダミー,Damii,Damii
ダミー,ダミー,ダミー,Damii,Damii
ダミー,ダミー,ダミー,Damii,Damii
ダミー,ダミー,ダミー,Damii,Damii
ダミー,ダミー,ダミー,Damii,Damii
ダミー,ダミー,ダミー,Damii,Damii
ダミー,ダミー,ダミー,Damii,Damii
ダミー,ダミー,ダミー,Damii,Damii
ダミー,ダミー,ダミー,Damii,Damii
ダミー,ダミー,ダミー,Damii,Damii
ダミー,ダミー,ダミー,Damii,Damii
ダミー,ダミー,ダミー,Damii,Damii
ダミー,ダミー,ダミー,Damii,Damii
ダミー,ダミー,ダミー,Damii,Damii
ダミー,ダミー,ダミー,Damii,Damii
ダミー,ダミー,ダミー,Damii,Damii
ダミー,ダミー,ダミー,Damii,Damii
ダミー,ダミー,ダミー,Damii,Damii
ダミー,ダミー,ダミー,Damii,Damii
ダミー,ダミー,ダミー,Damii,Damii
ダミー,ダミー,ダミー,Damii,Damii
ダミー,ダミー,ダミー,Damii,Damii
ダミー,ダミー,ダミー,Damii,Damii
ダミー,ダミー,ダミー,Damii,Damii
ダミー,ダミー,ダミー,Damii,Damii
ダミー,ダミー,ダミー,Damii,Damii
ダミー,ダミー,ダミー,Damii,Damii
ダミー,ダミー,ダミー,Damii,Damii
ダミー,ダミー,ダミー,Damii,Damii
ダミー,ダミー,ダミー,Damii,Damii
ダミー,ダミー,ダミー,Damii,Damii
ダミー,ダミー,ダミー,Damii,Damii
ダミー,ダミー,ダミー,Damii,Damii
ダミー,ダミー,ダミー,Damii,Damii
ダミー,ダミー,ダミー,Damii,Damii
ダミー,ダミー,ダミー,Damii,Damii
ダミー,ダミー,ダミー,Damii,Damii
ダミー,ダミー,ダミー,Damii,Damii
ダミー,ダミー,ダミー,Damii,Damii
ダミー,ダミー,ダミー,Damii,Damii
ダミー,ダミー,ダミー,Damii,Damii
ダミー,ダミー,ダミー,Damii,Damii
ダミー,ダミー,ダミー,Damii,Damii
ダミー,ダミー,ダミー,Damii,Damii
ダミー,ダミー,ダミー,Damii,Damii
ダミー,ダミー,ダミー,Damii,Damii
ダミー,ダミー,ダミー,Damii,Damii
ダミー,ダミー,ダミー,Damii,Damii
ダミー,ダミー,ダミー,Damii,Damii
ダミー,ダミー,ダミー,Damii,Damii
ダミー,ダミー,ダミー,Damii,Damii
ダミー,ダミー,ダミー,Damii,Damii
ダミー,ダミー,ダミー,Damii,Damii
ダミー,ダミー,ダミー,Damii,Damii
ダミー,ダミー,ダミー,Damii,Damii
ダミー,ダミー,ダミー,Damii,Damii
ダミー,ダミー,ダミー,Damii,Damii
ダミー,ダミー,ダミー,Damii,Damii
ダミー,ダミー,ダミー,Damii,Damii
ダミー,ダミー,ダミー,Damii,Damii
ダミー,ダミー,ダミー,Damii,Damii
ダミー,ダミー,ダミー,Damii,Damii
ダミー,ダミー,ダミー,Damii,Damii
ダミー,ダミー,ダミー,Damii,Damii
ダミー,ダミー,ダミー,Damii,Damii
ダミー,ダミー,ダミー,Damii,Damii
ダミー,ダミー,ダミー,Damii,Damii
ダミー,ダミー,ダミー,Damii,Damii
ダミー,ダミー,ダミー,Damii,Damii
ダミー,ダミー,ダミー,Damii,Damii
ダミー,ダミー,ダミー,Damii,Damii
ダミー,ダミー,ダミー,Damii,Damii
ダミー,ダミー,ダミー,Damii,Damii
ダミー,ダミー,ダミー,Damii,Damii
ダミー,ダミー,ダミー,Damii,Damii
ダミー,ダミー,ダミー,Damii,Damii
ダミー,ダミー,ダミー,Damii,Damii
ダミー,ダミー,ダミー,Damii,Damii
ダミー,ダミー,ダミー,Damii,Damii
ダミー,ダミー,ダミー,Damii,Damii
ダミー,ダミー,ダミー,Damii,Damii
ダミー,ダミー,ダミー,Damii,Damii
ダミー,ダミー,ダミー,Damii,Damii
ダミー,ダミー,ダミー,Damii,Damii
ダミー,ダミー,ダミー,Damii,Damii
ダミー,ダミー,ダミー,Damii,Damii
ダミー,ダミー,ダミー,Damii,Damii
ダミー,ダミー,ダミー,Damii,Damii
ダミー,ダミー,ダミー,Damii,Damii
ダミー,ダミー,ダミー,Damii,Damii
ダミー,ダミー,ダミー,Damii,Damii
ダミー,ダミー,ダミー,Damii,Damii
ダミー,ダミー,ダミー,Damii,Damii
ダミー,ダミー,ダミー,Damii,Damii
ダミー,ダミー,ダミー,Damii,Damii
ダミー,ダミー,ダミー,Damii,Damii
ダミー,ダミー,ダミー,Damii,Damii
ダミー,ダミー,ダミー,Damii,Damii
ダミー,ダミー,ダミー,Damii,Damii
ダミー,ダミー,ダミー,Damii,Damii
ダミー,ダミー,ダミー,Damii,Damii
ダミー,ダミー,ダミー,Damii,Damii
ダミー,ダミー,ダミー,Damii,Damii
ダミー,ダミー,ダミー,Damii,Damii
ダミー,ダミー,ダミー,Damii,Damii
ダミー,ダミー,ダミー,Damii,Damii
ダミー,ダミー,ダミー,Damii,Damii
ダミー,ダミー,ダミー,Damii,Damii
ダミー,ダミー,ダミー,Damii,Damii
ダミー,ダミー,ダミー,Damii,Damii
ダミー,ダミー,ダミー,Damii,Damii
ダミー,ダミー,ダミー,Damii,Damii
ダミー,ダミー,ダミー,Damii,Damii
ダミー,ダミー,ダミー,Damii,Damii
ダミー,ダミー,ダミー,Damii,Damii
ダミー,ダミー,ダミー,Damii,Damii
ダミー,ダミー,ダミー,Damii,Damii
ダミー,ダミー,ダミー,Damii,Damii
ダミー,ダミー,ダミー,Damii,Damii
ダミー,ダミー,ダミー,Damii,Damii
ダミー,ダミー,ダミー,Damii,Damii
ダミー,ダミー,ダミー,Damii,Damii
ダミー,ダミー,ダミー,Damii,Damii
ダミー,ダミー,ダミー,Damii,Damii
ダミー,ダミー,ダミー,Damii,Damii
ダミー,ダミー,ダミー,Damii,Damii
ダミー,ダミー,ダミー,Damii,Damii
ダミー,ダミー,ダミー,Damii,Damii
ダミー,ダミー,ダミー,Damii,Damii
ダミー,ダミー,ダミー,Damii,Damii
ダミー,ダミー,ダミー,Damii,Damii
ダミー,ダミー,ダミー,Damii,Damii
ダミー,ダミー,ダミー,Damii,Damii
ダミー,ダミー,ダミー,Damii,Damii
ダミー,ダミー,ダミー,Damii,Damii
ダミー,ダミー,ダミー,Damii,Damii
ダミー,ダミー,ダミー,Damii,Damii
ダミー,ダミー,ダミー,Damii,Damii
ダミー,ダミー,ダミー,Damii,Damii
ダミー,ダミー,ダミー,Damii,Damii
ダミー,ダミー,ダミー,Damii,Damii
ダミー,ダミー,ダミー,Damii,Damii
ダミー,ダミー,ダミー,Damii,Damii
ダミー,ダミー,ダミー,Damii,Damii
ダミー,ダミー,ダミー,Damii,Damii
ダミー,ダミー,ダミー,Damii,Damii
ダミー,ダミー,ダミー,Damii,Damii
ダミー,ダミー,ダミー,Damii,Damii
ダミー,ダミー,ダミー,Damii,Damii
ダミー,ダミー,ダミー,Damii,Damii
ダミー,ダミー,ダミー,Damii,Damii
ダミー,ダミー,ダミー,Damii,Damii
ダミー,ダミー,ダミー,Damii,Damii
ダミー,ダミー,ダミー,Damii,Damii
ダミー,ダミー,ダミー,Damii,Damii
ダミー,ダミー,ダミー,Damii,Damii
ダミー,ダミー,ダミー,Damii,Damii
ダミー,ダミー,ダミー,Damii,Damii
ダミー,ダミー,ダミー,Damii,Damii
ダミー,ダミー,ダミー,Damii,Damii
ダミー,ダミー,ダミー,Damii,Damii
ダミー,ダミー,ダミー,Damii,Damii
ダミー,ダミー,ダミー,Damii,Damii
ダミー,ダミー,ダミー,Damii,Damii
ダミー,ダミー,ダミー,Damii,Damii
ダミー,ダミー,ダミー,Damii,Damii
ダミー,ダミー,ダミー,Damii,Damii
ダミー,ダミー,ダミー,Damii,Damii
ダミー,ダミー,ダミー,Damii,Damii
ダミー,ダミー,ダミー,Damii,Damii
ダミー,ダミー,ダミー,Damii,Damii
ダミー,ダミー,ダミー,Damii,Damii
ダミー,ダミー,ダミー,Damii,Damii
ダミー,ダミー,ダミー,Damii,Damii
ダミー,ダミー,ダミー,Damii,Damii
ダミー,ダミー,ダミー,Damii,Damii
ダミー,ダミー,ダミー,Damii,Damii
ダミー,ダミー,ダミー,Damii,Damii
ダミー,ダミー,ダミー,Damii,Damii
ダミー,ダミー,ダミー,Damii,Damii
ダミー,ダミー,ダミー,Damii,Damii
ダミー,ダミー,ダミー,Damii,Damii
ダミー,ダミー,ダミー,Damii,Damii
ダミー,ダミー,ダミー,Damii,Damii
ダミー,ダミー,ダミー,Damii,Damii
ダミー,ダミー,ダミー,Damii,Damii
ダミー,ダミー,ダミー,Damii,Damii
ダミー,ダミー,ダミー,Damii,Damii
ダミー,ダミー,ダミー,Damii,Damii
ダミー,ダミー,ダミー,Damii,Damii
ダミー,ダミー,ダミー,Damii,Damii
ダミー,ダミー,ダミー,Damii,Damii
ダミー,ダミー,ダミー,Damii,Damii
ダミー,ダミー,ダミー,Damii,Damii
ダミー,ダミー,ダミー,Damii,Damii
ダミー,ダミー,ダミー,Damii,Damii
ダミー,ダミー,ダミー,Damii,Damii
ダミー,ダミー,ダミー,Damii,Damii
ダミー,ダミー,ダミー,Damii,Damii
ダミー,ダミー,ダミー,Damii,Damii
ダミー,ダミー,ダミー,Damii,Damii
ダミー,ダミー,ダミー,Damii,Damii
ダミー,ダミー,ダミー,Damii,Damii
ダミー,ダミー,ダミー,Damii,Damii
ダミー,ダミー,ダミー,Damii,Damii
ダミー,ダミー,ダミー,Damii,Damii
ダミー,ダミー,ダミー,Damii,Damii
ダミー,ダミー,ダミー,Damii,Damii
ダミー,ダミー,ダミー,Damii,Damii
ダミー,ダミー,ダミー,Damii,Damii
ダミー,ダミー,ダミー,Damii,Damii
ダミー,ダミー,ダミー,Damii,Damii
ダミー,ダミー,ダミー,Damii,Damii
ダミー,ダミー,ダミー,Damii,Damii
ダミー,ダミー,ダミー,Damii,Damii
ダミー,ダミー,ダミー,Damii,Damii
ダミー,ダミー,ダミー,Damii,Damii
ダミー,ダミー,ダミー,Damii,Damii
ダミー,ダミー,ダミー,Damii,Damii
ダミー,ダミー,ダミー,Damii,Damii
ダミー,ダミー,ダミー,Damii,Damii
ダミー,ダミー,ダミー,Damii,Damii
ダミー,ダミー,ダミー,Damii,Damii
ダミー,ダミー,ダミー,Damii,Damii
ダミー,ダミー,ダミー,Damii,Damii
ダミー,ダミー,ダミー,Damii,Damii
ダミー,ダミー,ダミー,Damii,Damii
ダミー,ダミー,ダミー,Damii,Damii
ダミー,ダミー,ダミー,Damii,Damii
ダミー,ダミー,ダミー,Damii,Damii
ダミー,ダミー,ダミー,Damii,Damii
ダミー,ダミー,ダミー,Damii,Damii
ダミー,ダミー,ダミー,Damii,Damii
ダミー,ダミー,ダミー,Damii,Damii
ダミー,ダミー,ダミー,Damii,Damii
ダミー,ダミー,ダミー,Damii,Damii
ダミー,ダミー,ダミー,Damii,Damii
ダミー,ダミー,ダミー,Damii,Damii
ダミー,ダミー,ダミー,Damii,Damii
ダミー,ダミー,ダミー,Damii,Damii
ダミー,ダミー,ダミー,Damii,Damii
 ダミー,ダミー,ダミー,Damii,Damii
ダミー,ダミー,ダミー,Damii,Damii
ダミー,ダミー,ダミー,Damii,Damii
ダミー,ダミー,ダミー,Damii,Damii
ダミー,ダミー,ダミー,Damii,Damii
ダミー,ダミー,ダミー,Damii,Damii
ダミー,ダミー,ダミー,Damii,Damii
ダミー,ダミー,ダミー,Damii,Damii
ダミー,ダミー,ダミー,Damii,Damii
ダミー,ダミー,ダミー,Damii,Damii
ダミー,ダミー,ダミー,Damii,Damii
ダミー,ダミー,ダミー,Damii,Damii
ダミー,ダミー,ダミー,Damii,Damii
ダミー,ダミー,ダミー,Damii,Damii
ダミー,ダミー,ダミー,Damii,Damii
ダミー,ダミー,ダミー,Damii,Damii
ダミー,ダミー,ダミー,Damii,Damii
ダミー,ダミー,ダミー,Damii,Damii
ダミー,ダミー,ダミー,Damii,Damii
ダミー,ダミー,ダミー,Damii,Damii
ダミー,ダミー,ダミー,Damii,Damii
ダミー,ダミー,ダミー,Damii,Damii
ダミー,ダミー,ダミー,Damii,Damii
ダミー,ダミー,ダミー,Damii,Damii
ダミー,ダミー,ダミー,Damii,Damii
ダミー,ダミー,ダミー,Damii,Damii
ダミー,ダミー,ダミー,Damii,Damii
ダミー,ダミー,ダミー,Damii,Damii
ダミー,ダミー,ダミー,Damii,Damii
ダミー,ダミー,ダミー,Damii,Damii
ダミー,ダミー,ダミー,Damii,Damii
ダミー,ダミー,ダミー,Damii,Damii
ダミー,ダミー,ダミー,Damii,Damii
ダミー,ダミー,ダミー,Damii,Damii
ダミー,ダミー,ダミー,Damii,Damii
ダミー,ダミー,ダミー,Damii,Damii
ダミー,ダミー,ダミー,Damii,Damii
ダミー,ダミー,ダミー,Damii,Damii
ダミー,ダミー,ダミー,Damii,Damii
ダミー,ダミー,ダミー,Damii,Damii
ダミー,ダミー,ダミー,Damii,Damii
ダミー,ダミー,ダミー,Damii,Damii
ダミー,ダミー,ダミー,Damii,Damii
ダミー,ダミー,ダミー,Damii,Damii
ダミー,ダミー,ダミー,Damii,Damii
ダミー,ダミー,ダミー,Damii,Damii
ダミー,ダミー,ダミー,Damii,Damii
ダミー,ダミー,ダミー,Damii,Damii
ダミー,ダミー,ダミー,Damii,Damii
ダミー,ダミー,ダミー,Damii,Damii
ダミー,ダミー,ダミー,Damii,Damii
ダミー,ダミー,ダミー,Damii,Damii
ダミー,ダミー,ダミー,Damii,Damii
ダミー,ダミー,ダミー,Damii,Damii
ダミー,ダミー,ダミー,Damii,Damii
ダミー,ダミー,ダミー,Damii,Damii
ダミー,ダミー,ダミー,Damii,Damii
ダミー,ダミー,ダミー,Damii,Damii
ダミー,ダミー,ダミー,Damii,Damii
ダミー,ダミー,ダミー,Damii,Damii
ダミー,ダミー,ダミー,Damii,Damii
ダミー,ダミー,ダミー,Damii,Damii
ダミー,ダミー,ダミー,Damii,Damii
ダミー,ダミー,ダミー,Damii,Damii
ダミー,ダミー,ダミー,Damii,Damii
ダミー,ダミー,ダミー,Damii,Damii
ダミー,ダミー,ダミー,Damii,Damii
ダミー,ダミー,ダミー,Damii,Damii
ダミー,ダミー,ダミー,Damii,Damii
ダミー,ダミー,ダミー,Damii,Damii
ダミー,ダミー,ダミー,Damii,Damii
ダミー,ダミー,ダミー,Damii,Damii
ダミー,ダミー,ダミー,Damii,Damii
ダミー,ダミー,ダミー,Damii,Damii
ダミー,ダミー,ダミー,Damii,Damii
ダミー,ダミー,ダミー,Damii,Damii
ダミー,ダミー,ダミー,Damii,Damii
ダミー,ダミー,ダミー,Damii,Damii
ダミー,ダミー,ダミー,Damii,Damii
ダミー,ダミー,ダミー,Damii,Damii
ダミー,ダミー,ダミー,Damii,Damii
ダミー,ダミー,ダミー,Damii,Damii
ダミー,ダミー,ダミー,Damii,Damii
ダミー,ダミー,ダミー,Damii,Damii
ダミー,ダミー,ダミー,Damii,Damii
ダミー,ダミー,ダミー,Damii,Damii
ダミー,ダミー,ダミー,Damii,Damii
ダミー,ダミー,ダミー,Damii,Damii
ダミー,ダミー,ダミー,Damii,Damii
ダミー,ダミー,ダミー,Damii,Damii
ダミー,ダミー,ダミー,Damii,Damii
ダミー,ダミー,ダミー,Damii,Damii
ダミー,ダミー,ダミー,Damii,Damii
ダミー,ダミー,ダミー,Damii,Damii
ダミー,ダミー,ダミー,Damii,Damii
ダミー,ダミー,ダミー,Damii,Damii
ダミー,ダミー,ダミー,Damii,Damii
ダミー,ダミー,ダミー,Damii,Damii
ダミー,ダミー,ダミー,Damii,Damii
ダミー,ダミー,ダミー,Damii,Damii
ダミー,ダミー,ダミー,Damii,Damii
ダミー,ダミー,ダミー,Damii,Damii
ダミー,ダミー,ダミー,Damii,Damii
ダミー,ダミー,ダミー,Damii,Damii
ダミー,ダミー,ダミー,Damii,Damii
ダミー,ダミー,ダミー,Damii,Damii
ダミー,ダミー,ダミー,Damii,Damii
ダミー,ダミー,ダミー,Damii,Damii
ダミー,ダミー,ダミー,Damii,Damii
ダミー,ダミー,ダミー,Damii,Damii
ダミー,ダミー,ダミー,Damii,Damii
ダミー,ダミー,ダミー,Damii,Damii
ダミー,ダミー,ダミー,Damii,Damii
ダミー,ダミー,ダミー,Damii,Damii
ダミー,ダミー,ダミー,Damii,Damii
ダミー,ダミー,ダミー,Damii,Damii
ダミー,ダミー,ダミー,Damii,Damii
ダミー,ダミー,ダミー,Damii,Damii
ダミー,ダミー,ダミー,Damii,Damii
ダミー,ダミー,ダミー,Damii,Damii
ダミー,ダミー,ダミー,Damii,Damii
ダミー,ダミー,ダミー,Damii,Damii
ダミー,ダミー,ダミー,Damii,Damii
ダミー,ダミー,ダミー,Damii,Damii
ダミー,ダミー,ダミー,Damii,Damii
ダミー,ダミー,ダミー,Damii,Damii
ダミー,ダミー,ダミー,Damii,Damii
ダミー,ダミー,ダミー,Damii,Damii
ダミー,ダミー,ダミー,Damii,Damii
ダミー,ダミー,ダミー,Damii,Damii
ダミー,ダミー,ダミー,Damii,Damii
ダミー,ダミー,ダミー,Damii,Damii
ダミー,ダミー,ダミー,Damii,Damii
ダミー,ダミー,ダミー,Damii,Damii
ダミー,ダミー,ダミー,Damii,Damii
ダミー,ダミー,ダミー,Damii,Damii
ダミー,ダミー,ダミー,Damii,Damii
ダミー,ダミー,ダミー,Damii,Damii
ダミー,ダミー,ダミー,Damii,Damii
ダミー,ダミー,ダミー,Damii,Damii
ダミー,ダミー,ダミー,Damii,Damii
ダミー,ダミー,ダミー,Damii,Damii
ダミー,ダミー,ダミー,Damii,Damii
ダミー,ダミー,ダミー,Damii,Damii
ダミー,ダミー,ダミー,Damii,Damii
ダミー,ダミー,ダミー,Damii,Damii
ダミー,ダミー,ダミー,Damii,Damii
ダミー,ダミー,ダミー,Damii,Damii
ダミー,ダミー,ダミー,Damii,Damii
ダミー,ダミー,ダミー,Damii,Damii
ダミー,ダミー,ダミー,Damii,Damii
ダミー,ダミー,ダミー,Damii,Damii
ダミー,ダミー,ダミー,Damii,Damii
ダミー,ダミー,ダミー,Damii,Damii
ダミー,ダミー,ダミー,Damii,Damii
ダミー,ダミー,ダミー,Damii,Damii
ダミー,ダミー,ダミー,Damii,Damii
ダミー,ダミー,ダミー,Damii,Damii
ダミー,ダミー,ダミー,Damii,Damii
ダミー,ダミー,ダミー,Damii,Damii
ダミー,ダミー,ダミー,Damii,Damii
ダミー,ダミー,ダミー,Damii,Damii
ダミー,ダミー,ダミー,Damii,Damii
ダミー,ダミー,ダミー,Damii,Damii
ダミー,ダミー,ダミー,Damii,Damii
ダミー,ダミー,ダミー,Damii,Damii
ダミー,ダミー,ダミー,Damii,Damii
ダミー,ダミー,ダミー,Damii,Damii
ダミー,ダミー,ダミー,Damii,Damii
ダミー,ダミー,ダミー,Damii,Damii
ダミー,ダミー,ダミー,Damii,Damii
ダミー,ダミー,ダミー,Damii,Damii
ダミー,ダミー,ダミー,Damii,Damii
ダミー,ダミー,ダミー,Damii,Damii
ダミー,ダミー,ダミー,Damii,Damii
ダミー,ダミー,ダミー,Damii,Damii
ダミー,ダミー,ダミー,Damii,Damii
ダミー,ダミー,ダミー,Damii,Damii
ダミー,ダミー,ダミー,Damii,Damii
ダミー,ダミー,ダミー,Damii,Damii
ダミー,ダミー,ダミー,Damii,Damii
ダミー,ダミー,ダミー,Damii,Damii
ダミー,ダミー,ダミー,Damii,Damii
ダミー,ダミー,ダミー,Damii,Damii
ダミー,ダミー,ダミー,Damii,Damii
ダミー,ダミー,ダミー,Damii,Damii
ダミー,ダミー,ダミー,Damii,Damii
ダミー,ダミー,ダミー,Damii,Damii
ダミー,ダミー,ダミー,Damii,Damii
ダミー,ダミー,ダミー,Damii,Damii
ダミー,ダミー,ダミー,Damii,Damii
ダミー,ダミー,ダミー,Damii,Damii
ダミー,ダミー,ダミー,Damii,Damii
ダミー,ダミー,ダミー,Damii,Damii
ダミー,ダミー,ダミー,Damii,Damii
ダミー,ダミー,ダミー,Damii,Damii
ダミー,ダミー,ダミー,Damii,Damii
ダミー,ダミー,ダミー,Damii,Damii
ダミー,ダミー,ダミー,Damii,Damii
ダミー,ダミー,ダミー,Damii,Damii
ダミー,ダミー,ダミー,Damii,Damii
ダミー,ダミー,ダミー,Damii,Damii
ダミー,ダミー,ダミー,Damii,Damii
ダミー,ダミー,ダミー,Damii,Damii
ダミー,ダミー,ダミー,Damii,Damii
ダミー,ダミー,ダミー,Damii,Damii
ダミー,ダミー,ダミー,Damii,Damii
ダミー,ダミー,ダミー,Damii,Damii
ダミー,ダミー,ダミー,Damii,Damii
ダミー,ダミー,ダミー,Damii,Damii
ダミー,ダミー,ダミー,Damii,Damii
ダミー,ダミー,ダミー,Damii,Damii
ダミー,ダミー,ダミー,Damii,Damii
ダミー,ダミー,ダミー,Damii,Damii
ダミー,ダミー,ダミー,Damii,Damii
ダミー,ダミー,ダミー,Damii,Damii
ダミー,ダミー,ダミー,Damii,Damii
ダミー,ダミー,ダミー,Damii,Damii
ダミー,ダミー,ダミー,Damii,Damii
ダミー,ダミー,ダミー,Damii,Damii
ダミー,ダミー,ダミー,Damii,Damii
ダミー,ダミー,ダミー,Damii,Damii
ダミー,ダミー,ダミー,Damii,Damii
ダミー,ダミー,ダミー,Damii,Damii
ダミー,ダミー,ダミー,Damii,Damii
ダミー,ダミー,ダミー,Damii,Damii
ダミー,ダミー,ダミー,Damii,Damii
ダミー,ダミー,ダミー,Damii,Damii
ダミー,ダミー,ダミー,Damii,Damii
ダミー,ダミー,ダミー,Damii,Damii
ダミー,ダミー,ダミー,Damii,Damii
ダミー,ダミー,ダミー,Damii,Damii
ダミー,ダミー,ダミー,Damii,Damii
ダミー,ダミー,ダミー,Damii,Damii
ダミー,ダミー,ダミー,Damii,Damii
ダミー,ダミー,ダミー,Damii,Damii
ダミー,ダミー,ダミー,Damii,Damii
ダミー,ダミー,ダミー,Damii,Damii
ダミー,ダミー,ダミー,Damii,Damii
ダミー,ダミー,ダミー,Damii,Damii
ダミー,ダミー,ダミー,Damii,Damii
ダミー,ダミー,ダミー,Damii,Damii
ダミー,ダミー,ダミー,Damii,Damii
ダミー,ダミー,ダミー,Damii,Damii
ダミー,ダミー,ダミー,Damii,Damii
ダミー,ダミー,ダミー,Damii,Damii
ダミー,ダミー,ダミー,Damii,Damii
ダミー,ダミー,ダミー,Damii,Damii
ダミー,ダミー,ダミー,Damii,Damii
ダミー,ダミー,ダミー,Damii,Damii
ダミー,ダミー,ダミー,Damii,Damii
ダミー,ダミー,ダミー,Damii,Damii
ダミー,ダミー,ダミー,Damii,Damii
ダミー,ダミー,ダミー,Damii,Damii
ダミー,ダミー,ダミー,Damii,Damii
ダミー,ダミー,ダミー,Damii,Damii
 ダミー,ダミー,ダミー,Damii,Damii
ダミー,ダミー,ダミー,Damii,Damii
ダミー,ダミー,ダミー,Damii,Damii
ダミー,ダミー,ダミー,Damii,Damii
ダミー,ダミー,ダミー,Damii,Damii
ダミー,ダミー,ダミー,Damii,Damii
ダミー,ダミー,ダミー,Damii,Damii
ダミー,ダミー,ダミー,Damii,Damii
ダミー,ダミー,ダミー,Damii,Damii
ダミー,ダミー,ダミー,Damii,Damii
ダミー,ダミー,ダミー,Damii,Damii
ダミー,ダミー,ダミー,Damii,Damii
ダミー,ダミー,ダミー,Damii,Damii
ダミー,ダミー,ダミー,Damii,Damii
ダミー,ダミー,ダミー,Damii,Damii
ダミー,ダミー,ダミー,Damii,Damii
ダミー,ダミー,ダミー,Damii,Damii
ダミー,ダミー,ダミー,Damii,Damii
ダミー,ダミー,ダミー,Damii,Damii
ダミー,ダミー,ダミー,Damii,Damii
ダミー,ダミー,ダミー,Damii,Damii
ダミー,ダミー,ダミー,Damii,Damii
ダミー,ダミー,ダミー,Damii,Damii
ダミー,ダミー,ダミー,Damii,Damii
ダミー,ダミー,ダミー,Damii,Damii
ダミー,ダミー,ダミー,Damii,Damii
ダミー,ダミー,ダミー,Damii,Damii
ダミー,ダミー,ダミー,Damii,Damii
ダミー,ダミー,ダミー,Damii,Damii
ダミー,ダミー,ダミー,Damii,Damii
ダミー,ダミー,ダミー,Damii,Damii
ダミー,ダミー,ダミー,Damii,Damii
ダミー,ダミー,ダミー,Damii,Damii
ダミー,ダミー,ダミー,Damii,Damii
ダミー,ダミー,ダミー,Damii,Damii
ダミー,ダミー,ダミー,Damii,Damii
ダミー,ダミー,ダミー,Damii,Damii
ダミー,ダミー,ダミー,Damii,Damii
ダミー,ダミー,ダミー,Damii,Damii
ダミー,ダミー,ダミー,Damii,Damii
ダミー,ダミー,ダミー,Damii,Damii
ダミー,ダミー,ダミー,Damii,Damii
ダミー,ダミー,ダミー,Damii,Damii
ダミー,ダミー,ダミー,Damii,Damii
ダミー,ダミー,ダミー,Damii,Damii
ダミー,ダミー,ダミー,Damii,Damii
ダミー,ダミー,ダミー,Damii,Damii
ダミー,ダミー,ダミー,Damii,Damii
ダミー,ダミー,ダミー,Damii,Damii
ダミー,ダミー,ダミー,Damii,Damii
ダミー,ダミー,ダミー,Damii,Damii
ダミー,ダミー,ダミー,Damii,Damii
ダミー,ダミー,ダミー,Damii,Damii
ダミー,ダミー,ダミー,Damii,Damii
ダミー,ダミー,ダミー,Damii,Damii
ダミー,ダミー,ダミー,Damii,Damii
ダミー,ダミー,ダミー,Damii,Damii
ダミー,ダミー,ダミー,Damii,Damii
ダミー,ダミー,ダミー,Damii,Damii
ダミー,ダミー,ダミー,Damii,Damii
ダミー,ダミー,ダミー,Damii,Damii
ダミー,ダミー,ダミー,Damii,Damii
ダミー,ダミー,ダミー,Damii,Damii
ダミー,ダミー,ダミー,Damii,Damii
ダミー,ダミー,ダミー,Damii,Damii
ダミー,ダミー,ダミー,Damii,Damii
ダミー,ダミー,ダミー,Damii,Damii
ダミー,ダミー,ダミー,Damii,Damii
ダミー,ダミー,ダミー,Damii,Damii
ダミー,ダミー,ダミー,Damii,Damii
ダミー,ダミー,ダミー,Damii,Damii
ダミー,ダミー,ダミー,Damii,Damii
ダミー,ダミー,ダミー,Damii,Damii
ダミー,ダミー,ダミー,Damii,Damii
ダミー,ダミー,ダミー,Damii,Damii
ダミー,ダミー,ダミー,Damii,Damii
ダミー,ダミー,ダミー,Damii,Damii
ダミー,ダミー,ダミー,Damii,Damii
ダミー,ダミー,ダミー,Damii,Damii
ダミー,ダミー,ダミー,Damii,Damii
ダミー,ダミー,ダミー,Damii,Damii
ダミー,ダミー,ダミー,Damii,Damii
ダミー,ダミー,ダミー,Damii,Damii
ダミー,ダミー,ダミー,Damii,Damii
ダミー,ダミー,ダミー,Damii,Damii
ダミー,ダミー,ダミー,Damii,Damii
ダミー,ダミー,ダミー,Damii,Damii
ダミー,ダミー,ダミー,Damii,Damii
ダミー,ダミー,ダミー,Damii,Damii
ダミー,ダミー,ダミー,Damii,Damii
ダミー,ダミー,ダミー,Damii,Damii
ダミー,ダミー,ダミー,Damii,Damii
ダミー,ダミー,ダミー,Damii,Damii
ダミー,ダミー,ダミー,Damii,Damii
ダミー,ダミー,ダミー,Damii,Damii
ダミー,ダミー,ダミー,Damii,Damii
ダミー,ダミー,ダミー,Damii,Damii
ダミー,ダミー,ダミー,Damii,Damii
ダミー,ダミー,ダミー,Damii,Damii
ダミー,ダミー,ダミー,Damii,Damii
ダミー,ダミー,ダミー,Damii,Damii
ダミー,ダミー,ダミー,Damii,Damii
ダミー,ダミー,ダミー,Damii,Damii
ダミー,ダミー,ダミー,Damii,Damii
ダミー,ダミー,ダミー,Damii,Damii
ダミー,ダミー,ダミー,Damii,Damii
ダミー,ダミー,ダミー,Damii,Damii
ダミー,ダミー,ダミー,Damii,Damii
ダミー,ダミー,ダミー,Damii,Damii
ダミー,ダミー,ダミー,Damii,Damii
ダミー,ダミー,ダミー,Damii,Damii
ダミー,ダミー,ダミー,Damii,Damii
ダミー,ダミー,ダミー,Damii,Damii
ダミー,ダミー,ダミー,Damii,Damii
ダミー,ダミー,ダミー,Damii,Damii
ダミー,ダミー,ダミー,Damii,Damii
ダミー,ダミー,ダミー,Damii,Damii
ダミー,ダミー,ダミー,Damii,Damii
ダミー,ダミー,ダミー,Damii,Damii
ダミー,ダミー,ダミー,Damii,Damii
ダミー,ダミー,ダミー,Damii,Damii
ダミー,ダミー,ダミー,Damii,Damii
ダミー,ダミー,ダミー,Damii,Damii
ダミー,ダミー,ダミー,Damii,Damii
ダミー,ダミー,ダミー,Damii,Damii
ダミー,ダミー,ダミー,Damii,Damii
ダミー,ダミー,ダミー,Damii,Damii
ダミー,ダミー,ダミー,Damii,Damii
ダミー,ダミー,ダミー,Damii,Damii
ダミー,ダミー,ダミー,Damii,Damii
ダミー,ダミー,ダミー,Damii,Damii
ダミー,ダミー,ダミー,Damii,Damii
ダミー,ダミー,ダミー,Damii,Damii
ダミー,ダミー,ダミー,Damii,Damii
ダミー,ダミー,ダミー,Damii,Damii
ダミー,ダミー,ダミー,Damii,Damii
ダミー,ダミー,ダミー,Damii,Damii
ダミー,ダミー,ダミー,Damii,Damii
ダミー,ダミー,ダミー,Damii,Damii
ダミー,ダミー,ダミー,Damii,Damii
ダミー,ダミー,ダミー,Damii,Damii
ダミー,ダミー,ダミー,Damii,Damii
ダミー,ダミー,ダミー,Damii,Damii
ダミー,ダミー,ダミー,Damii,Damii
ダミー,ダミー,ダミー,Damii,Damii
ダミー,ダミー,ダミー,Damii,Damii
ダミー,ダミー,ダミー,Damii,Damii
ダミー,ダミー,ダミー,Damii,Damii
ダミー,ダミー,ダミー,Damii,Damii
ダミー,ダミー,ダミー,Damii,Damii
ダミー,ダミー,ダミー,Damii,Damii
ダミー,ダミー,ダミー,Damii,Damii
ダミー,ダミー,ダミー,Damii,Damii
ダミー,ダミー,ダミー,Damii,Damii
ダミー,ダミー,ダミー,Damii,Damii
ダミー,ダミー,ダミー,Damii,Damii
ダミー,ダミー,ダミー,Damii,Damii
ダミー,ダミー,ダミー,Damii,Damii
ダミー,ダミー,ダミー,Damii,Damii
ダミー,ダミー,ダミー,Damii,Damii
ダミー,ダミー,ダミー,Damii,Damii
ダミー,ダミー,ダミー,Damii,Damii
ダミー,ダミー,ダミー,Damii,Damii
ダミー,ダミー,ダミー,Damii,Damii
ダミー,ダミー,ダミー,Damii,Damii
ダミー,ダミー,ダミー,Damii,Damii
ダミー,ダミー,ダミー,Damii,Damii
ダミー,ダミー,ダミー,Damii,Damii
ダミー,ダミー,ダミー,Damii,Damii
ダミー,ダミー,ダミー,Damii,Damii
ダミー,ダミー,ダミー,Damii,Damii
ダミー,ダミー,ダミー,Damii,Damii
ダミー,ダミー,ダミー,Damii,Damii
ダミー,ダミー,ダミー,Damii,Damii
ダミー,ダミー,ダミー,Damii,Damii
ダミー,ダミー,ダミー,Damii,Damii
ダミー,ダミー,ダミー,Damii,Damii
ダミー,ダミー,ダミー,Damii,Damii
ダミー,ダミー,ダミー,Damii,Damii
ダミー,ダミー,ダミー,Damii,Damii
ダミー,ダミー,ダミー,Damii,Damii
ダミー,ダミー,ダミー,Damii,Damii
ダミー,ダミー,ダミー,Damii,Damii
ダミー,ダミー,ダミー,Damii,Damii
ダミー,ダミー,ダミー,Damii,Damii
ダミー,ダミー,ダミー,Damii,Damii
ダミー,ダミー,ダミー,Damii,Damii
ダミー,ダミー,ダミー,Damii,Damii
ダミー,ダミー,ダミー,Damii,Damii
ダミー,ダミー,ダミー,Damii,Damii
ダミー,ダミー,ダミー,Damii,Damii
ダミー,ダミー,ダミー,Damii,Damii
ダミー,ダミー,ダミー,Damii,Damii
ダミー,ダミー,ダミー,Damii,Damii
ダミー,ダミー,ダミー,Damii,Damii
ダミー,ダミー,ダミー,Damii,Damii
ダミー,ダミー,ダミー,Damii,Damii
ダミー,ダミー,ダミー,Damii,Damii
ダミー,ダミー,ダミー,Damii,Damii
ダミー,ダミー,ダミー,Damii,Damii
ダミー,ダミー,ダミー,Damii,Damii
ダミー,ダミー,ダミー,Damii,Damii
ダミー,ダミー,ダミー,Damii,Damii
ダミー,ダミー,ダミー,Damii,Damii
ダミー,ダミー,ダミー,Damii,Damii
ダミー,ダミー,ダミー,Damii,Damii
ダミー,ダミー,ダミー,Damii,Damii
ダミー,ダミー,ダミー,Damii,Damii
ダミー,ダミー,ダミー,Damii,Damii
ダミー,ダミー,ダミー,Damii,Damii
ダミー,ダミー,ダミー,Damii,Damii
ダミー,ダミー,ダミー,Damii,Damii
ダミー,ダミー,ダミー,Damii,Damii
ダミー,ダミー,ダミー,Damii,Damii
ダミー,ダミー,ダミー,Damii,Damii
ダミー,ダミー,ダミー,Damii,Damii
ダミー,ダミー,ダミー,Damii,Damii
ダミー,ダミー,ダミー,Damii,Damii
ダミー,ダミー,ダミー,Damii,Damii
ダミー,ダミー,ダミー,Damii,Damii
ダミー,ダミー,ダミー,Damii,Damii
ダミー,ダミー,ダミー,Damii,Damii
ダミー,ダミー,ダミー,Damii,Damii
ダミー,ダミー,ダミー,Damii,Damii
ダミー,ダミー,ダミー,Damii,Damii
ダミー,ダミー,ダミー,Damii,Damii
ダミー,ダミー,ダミー,Damii,Damii
ダミー,ダミー,ダミー,Damii,Damii
ダミー,ダミー,ダミー,Damii,Damii
ダミー,ダミー,ダミー,Damii,Damii
ダミー,ダミー,ダミー,Damii,Damii
ダミー,ダミー,ダミー,Damii,Damii
ダミー,ダミー,ダミー,Damii,Damii
ダミー,ダミー,ダミー,Damii,Damii
ダミー,ダミー,ダミー,Damii,Damii
ダミー,ダミー,ダミー,Damii,Damii
ダミー,ダミー,ダミー,Damii,Damii
ダミー,ダミー,ダミー,Damii,Damii
ダミー,ダミー,ダミー,Damii,Damii
ダミー,ダミー,ダミー,Damii,Damii
ダミー,ダミー,ダミー,Damii,Damii
ダミー,ダミー,ダミー,Damii,Damii
ダミー,ダミー,ダミー,Damii,Damii
ダミー,ダミー,ダミー,Damii,Damii
ダミー,ダミー,ダミー,Damii,Damii
ダミー,ダミー,ダミー,Damii,Damii
ダミー,ダミー,ダミー,Damii,Damii
ダミー,ダミー,ダミー,Damii,Damii
ダミー,ダミー,ダミー,Damii,Damii
ダミー,ダミー,ダミー,Damii,Damii
ダミー,ダミー,ダミー,Damii,Damii
ダミー,ダミー,ダミー,Damii,Damii
ダミー,ダミー,ダミー,Damii,Damii
ダミー,ダミー,ダミー,Damii,Damii
ダミー,ダミー,ダミー,Damii,Damii
ダミー,ダミー,ダミー,Damii,Damii
ダミー,ダミー,ダミー,Damii,Damii
ダミー,ダミー,ダミー,Damii,Damii
ダミー,ダミー,ダミー,Damii,Damii
ダミー,ダミー,ダミー,Damii,Damii
ダミー,ダミー,ダミー,Damii,Damii
ダミー,ダミー,ダミー,Damii,Damii
ダミー,ダミー,ダミー,Damii,Damii
ダミー,ダミー,ダミー,Damii,Damii
ダミー,ダミー,ダミー,Damii,Damii
ダミー,ダミー,ダミー,Damii,Damii
ダミー,ダミー,ダミー,Damii,Damii
ダミー,ダミー,ダミー,Damii,Damii
ダミー,ダミー,ダミー,Damii,Damii
ダミー,ダミー,ダミー,Damii,Damii
ダミー,ダミー,ダミー,Damii,Damii
ダミー,ダミー,ダミー,Damii,Damii
ダミー,ダミー,ダミー,Damii,Damii
ダミー,ダミー,ダミー,Damii,Damii
ダミー,ダミー,ダミー,Damii,Damii
ダミー,ダミー,ダミー,Damii,Damii
ダミー,ダミー,ダミー,Damii,Damii
ダミー,ダミー,ダミー,Damii,Damii
ダミー,ダミー,ダミー,Damii,Damii
ダミー,ダミー,ダミー,Damii,Damii
ダミー,ダミー,ダミー,Damii,Damii
ダミー,ダミー,ダミー,Damii,Damii
ダミー,ダミー,ダミー,Damii,Damii
ダミー,ダミー,ダミー,Damii,Damii
ダミー,ダミー,ダミー,Damii,Damii
ダミー,ダミー,ダミー,Damii,Damii
ダミー,ダミー,ダミー,Damii,Damii
ダミー,ダミー,ダミー,Damii,Damii
ダミー,ダミー,ダミー,Damii,Damii
ダミー,ダミー,ダミー,Damii,Damii
ダミー,ダミー,ダミー,Damii,Damii
ダミー,ダミー,ダミー,Damii,Damii
ダミー,ダミー,ダミー,Damii,Damii
ダミー,ダミー,ダミー,Damii,Damii
ダミー,ダミー,ダミー,Damii,Damii
ダミー,ダミー,ダミー,Damii,Damii
ダミー,ダミー,ダミー,Damii,Damii
ダミー,ダミー,ダミー,Damii,Damii
ダミー,ダミー,ダミー,Damii,Damii
ダミー,ダミー,ダミー,Damii,Damii
ダミー,ダミー,ダミー,Damii,Damii
ダミー,ダミー,ダミー,Damii,Damii
ダミー,ダミー,ダミー,Damii,Damii
ダミー,ダミー,ダミー,Damii,Damii
ダミー,ダミー,ダミー,Damii,Damii
ダミー,ダミー,ダミー,Damii,Damii
ダミー,ダミー,ダミー,Damii,Damii
ダミー,ダミー,ダミー,Damii,Damii
ダミー,ダミー,ダミー,Damii,Damii
ダミー,ダミー,ダミー,Damii,Damii
ダミー,ダミー,ダミー,Damii,Damii
ダミー,ダミー,ダミー,Damii,Damii
ダミー,ダミー,ダミー,Damii,Damii
ダミー,ダミー,ダミー,Damii,Damii
ダミー,ダミー,ダミー,Damii,Damii
ダミー,ダミー,ダミー,Damii,Damii
ダミー,ダミー,ダミー,Damii,Damii
ダミー,ダミー,ダミー,Damii,Damii
ダミー,ダミー,ダミー,Damii,Damii
ダミー,ダミー,ダミー,Damii,Damii
ダミー,ダミー,ダミー,Damii,Damii
ダミー,ダミー,ダミー,Damii,Damii
ダミー,ダミー,ダミー,Damii,Damii
ダミー,ダミー,ダミー,Damii,Damii
ダミー,ダミー,ダミー,Damii,Damii
ダミー,ダミー,ダミー,Damii,Damii
ダミー,ダミー,ダミー,Damii,Damii
ダミー,ダミー,ダミー,Damii,Damii
ダミー,ダミー,ダミー,Damii,Damii
ダミー,ダミー,ダミー,Damii,Damii
ダミー,ダミー,ダミー,Damii,Damii
ダミー,ダミー,ダミー,Damii,Damii
ダミー,ダミー,ダミー,Damii,Damii
ダミー,ダミー,ダミー,Damii,Damii
ダミー,ダミー,ダミー,Damii,Damii
ダミー,ダミー,ダミー,Damii,Damii
ダミー,ダミー,ダミー,Damii,Damii
ダミー,ダミー,ダミー,Damii,Damii
ダミー,ダミー,ダミー,Damii,Damii
ダミー,ダミー,ダミー,Damii,Damii
ダミー,ダミー,ダミー,Damii,Damii
ダミー,ダミー,ダミー,Damii,Damii
ダミー,ダミー,ダミー,Damii,Damii
ダミー,ダミー,ダミー,Damii,Damii
ダミー,ダミー,ダミー,Damii,Damii
ダミー,ダミー,ダミー,Damii,Damii
ダミー,ダミー,ダミー,Damii,Damii
ダミー,ダミー,ダミー,Damii,Damii
ダミー,ダミー,ダミー,Damii,Damii
ダミー,ダミー,ダミー,Damii,Damii
ダミー,ダミー,ダミー,Damii,Damii
ダミー,ダミー,ダミー,Damii,Damii
ダミー,ダミー,ダミー,Damii,Damii
ダミー,ダミー,ダミー,Damii,Damii
ダミー,ダミー,ダミー,Damii,Damii
ダミー,ダミー,ダミー,Damii,Damii
ダミー,ダミー,ダミー,Damii,Damii
ダミー,ダミー,ダミー,Damii,Damii
ダミー,ダミー,ダミー,Damii,Damii
ダミー,ダミー,ダミー,Damii,Damii
ダミー,ダミー,ダミー,Damii,Damii
ダミー,ダミー,ダミー,Damii,Damii
ダミー,ダミー,ダミー,Damii,Damii
ダミー,ダミー,ダミー,Damii,Damii
ダミー,ダミー,ダミー,Damii,Damii
ダミー,ダミー,ダミー,Damii,Damii
ダミー,ダミー,ダミー,Damii,Damii
ダミー,ダミー,ダミー,Damii,Damii
ダミー,ダミー,ダミー,Damii,Damii
ダミー,ダミー,ダミー,Damii,Damii
ダミー,ダミー,ダミー,Damii,Damii
ダミー,ダミー,ダミー,Damii,Damii
ダミー,ダミー,ダミー,Damii,Damii
ダミー,ダミー,ダミー,Damii,Damii
ダミー,ダミー,ダミー,Damii,Damii
ダミー,ダミー,ダミー,Damii,Damii
ダミー,ダミー,ダミー,Damii,Damii
ダミー,ダミー,ダミー,Damii,Damii
ダミー,ダミー,ダミー,Damii,Damii
ダミー,ダミー,ダミー,Damii,Damii
ダミー,ダミー,ダミー,Damii,Damii
ダミー,ダミー,ダミー,Damii,Damii
ダミー,ダミー,ダミー,Damii,Damii
ダミー,ダミー,ダミー,Damii,Damii
ダミー,ダミー,ダミー,Damii,Damii
ダミー,ダミー,ダミー,Damii,Damii
ダミー,ダミー,ダミー,Damii,Damii
ダミー,ダミー,ダミー,Damii,Damii
ダミー,ダミー,ダミー,Damii,Damii
ダミー,ダミー,ダミー,Damii,Damii
ダミー,ダミー,ダミー,Damii,Damii
ダミー,ダミー,ダミー,Damii,Damii
ダミー,ダミー,ダミー,Damii,Damii
ダミー,ダミー,ダミー,Damii,Damii
ダミー,ダミー,ダミー,Damii,Damii
ダミー,ダミー,ダミー,Damii,Damii
ダミー,ダミー,ダミー,Damii,Damii
ダミー,ダミー,ダミー,Damii,Damii
ダミー,ダミー,ダミー,Damii,Damii
ダミー,ダミー,ダミー,Damii,Damii
ダミー,ダミー,ダミー,Damii,Damii
ダミー,ダミー,ダミー,Damii,Damii
ダミー,ダミー,ダミー,Damii,Damii
ダミー,ダミー,ダミー,Damii,Damii
